Jan 02, 2014 1:18:28 PM base.LoadFile main
INFO: Running CMFT
Jan 03, 2014 10:21:03 AM base.LoadFile main
INFO: Running CMFT
Jan 03, 2014 3:35:58 PM base.LoadFile main
INFO: Running CMFT
Jan 06, 2014 10:36:32 AM base.LoadFile main
INFO: Running CMFT
Jan 06, 2014 10:39:25 AM base.LoadFile main
INFO: Running CMFT
Jan 15, 2014 11:28:51 AM base.LoadFile main
INFO: Running CMFT
Jan 15, 2014 11:33:02 AM base.LoadFile main
INFO: Running CMFT
Jan 15, 2014 11:36:18 AM base.LoadFile main
INFO: Running CMFT
Jan 15, 2014 11:46:29 AM base.LoadFile main
INFO: Running CMFT
Jan 15, 2014 11:49:24 AM base.LoadFile main
INFO: Running CMFT
Jan 15, 2014 11:56:30 AM base.LoadFile main
INFO: Running CMFT
Jan 15, 2014 11:57:27 AM base.LoadFile main
INFO: Running CMFT
Jan 15, 2014 12:12:42 PM base.LoadFile main
INFO: Running CMFT
Jan 15, 2014 12:20:04 PM base.LoadFile main
INFO: Running CMFT
Jan 15, 2014 3:36:38 PM base.LoadFile main
INFO: Running CMFT
Jan 15, 2014 3:37:32 PM base.LoadFile main
INFO: Running CMFT
Jan 15, 2014 3:39:20 PM base.LoadFile main
INFO: Running CMFT
Jan 15, 2014 3:42:23 PM base.LoadFile main
INFO: Running CMFT
Jan 16, 2014 8:10:43 AM base.LoadFile main
INFO: Running CMFT
Jan 16, 2014 9:17:57 AM base.LoadFile main
INFO: Running CMFT
Jan 16, 2014 9:31:40 AM base.LoadFile main
INFO: Running CMFT
Jan 16, 2014 9:33:13 AM base.LoadFile main
INFO: Running CMFT
Jan 16, 2014 10:34:18 AM base.LoadFile main
INFO: Running CMFT
Jan 16, 2014 10:44:52 AM base.LoadFile main
INFO: Running CMFT
Jan 16, 2014 10:51:03 AM base.LoadFile main
INFO: Running CMFT
Jan 16, 2014 10:57:14 AM base.LoadFile main
INFO: Running CMFT
Jan 16, 2014 11:04:55 AM base.LoadFile main
INFO: Running CMFT
Jan 16, 2014 11:24:59 AM base.LoadFile main
INFO: Running CMFT
Jan 16, 2014 11:26:07 AM base.LoadFile main
INFO: Running CMFT
Jan 16, 2014 1:15:00 PM base.LoadFile main
INFO: Running CMFT
Jan 16, 2014 2:55:32 PM base.LoadFile main
INFO: Running CMFT
Jan 16, 2014 3:06:08 PM base.LoadFile main
INFO: Running CMFT
Jan 16, 2014 3:10:37 PM base.LoadFile main
INFO: Running CMFT
Jan 23, 2014 12:13:01 PM base.LoadFile main
INFO: Running CMFT
Jan 23, 2014 12:41:14 PM base.LoadFile main
INFO: Running CMFT
Jan 23, 2014 2:35:13 PM base.LoadFile main
INFO: Running CMFT
Jan 23, 2014 3:00:40 PM base.LoadFile main
INFO: Running CMFT
Jan 23, 2014 3:26:19 PM base.LoadFile main
INFO: Running CMFT
Jan 23, 2014 3:36:47 PM base.LoadFile main
INFO: Running CMFT
Jan 24, 2014 9:12:40 AM base.LoadFile main
INFO: Running CMFT
Jan 24, 2014 11:57:33 AM base.LoadFile main
INFO: Running CMFT
Jan 24, 2014 1:53:41 PM base.LoadFile main
INFO: Running CMFT
Jan 24, 2014 2:36:47 PM base.LoadFile main
INFO: Running CMFT
Jan 24, 2014 2:37:21 PM base.LoadFile main
INFO: Running CMFT
Jan 24, 2014 3:02:21 PM base.LoadFile main
INFO: Running CMFT
Jan 24, 2014 3:18:11 PM base.LoadFile main
INFO: Running CMFT
Jan 24, 2014 3:23:52 PM base.LoadFile main
INFO: Running CMFT
Jan 27, 2014 8:20:51 AM base.LoadFile main
INFO: Running CMFT
Jan 27, 2014 3:37:41 PM base.LoadFile main
INFO: Running CMFT
Jan 27, 2014 3:38:15 PM base.LoadFile main
INFO: Running CMFT
Jan 27, 2014 3:40:59 PM base.LoadFile main
INFO: Running CMFT
Jan 27, 2014 3:45:17 PM base.LoadFile main
INFO: Running CMFT
Jan 27, 2014 3:46:38 PM base.LoadFile main
INFO: Running CMFT
Jan 27, 2014 3:47:49 PM base.LoadFile main
INFO: Running CMFT
Jan 27, 2014 3:49:24 PM base.LoadFile main
INFO: Running CMFT
Jan 28, 2014 7:48:14 AM base.LoadFile main
INFO: Running CMFT
Jan 28, 2014 7:51:07 AM base.LoadFile main
INFO: Running CMFT
Jan 28, 2014 7:52:13 AM base.LoadFile main
INFO: Running CMFT
Jan 28, 2014 9:19:21 AM base.LoadFile main
INFO: Running CMFT
Jan 28, 2014 9:28:52 AM base.LoadFile main
INFO: Running CMFT
Jan 28, 2014 9:32:20 AM base.LoadFile main
INFO: Running CMFT
Jan 28, 2014 9:37:06 AM base.LoadFile main
INFO: Running CMFT
Jan 28, 2014 11:15:51 AM base.LoadFile main
INFO: Running CMFT
Jan 28, 2014 11:17:21 AM base.LoadFile main
INFO: Running CMFT
Jan 28, 2014 11:47:57 AM base.LoadFile main
INFO: Running CMFT
Jan 28, 2014 11:54:10 AM base.LoadFile main
INFO: Running CMFT
Jan 28, 2014 11:55:13 AM base.LoadFile main
INFO: Running CMFT
Jan 28, 2014 11:58:05 AM base.LoadFile main
INFO: Running CMFT
Jan 28, 2014 3:06:30 PM base.LoadFile main
INFO: Running CMFT
Jan 28, 2014 3:08:36 PM base.LoadFile main
INFO: Running CMFT
Jan 28, 2014 3:18:07 PM base.LoadFile main
INFO: Running CMFT
Jan 28, 2014 3:19:58 PM base.LoadFile main
INFO: Running CMFT
Jan 28, 2014 3:24:54 PM base.LoadFile main
INFO: Running CMFT
Jan 28, 2014 3:39:32 PM base.LoadFile main
INFO: Running CMFT
Jan 28, 2014 3:44:09 PM base.LoadFile main
INFO: Running CMFT
Jan 28, 2014 3:47:18 PM base.LoadFile main
INFO: Running CMFT
Jan 29, 2014 9:17:30 AM base.LoadFile main
INFO: Running CMFT
Jan 30, 2014 12:24:34 PM base.LoadFile main
INFO: Running CMFT
Jan 30, 2014 12:25:08 PM base.LoadFile main
INFO: Running CMFT
Jan 30, 2014 12:29:30 PM base.LoadFile main
INFO: Running CMFT
Jan 30, 2014 12:37:55 PM base.LoadFile main
INFO: Running CMFT
Jan 30, 2014 12:41:20 PM base.LoadFile main
INFO: Running CMFT
Jan 30, 2014 12:49:32 PM base.LoadFile main
INFO: Running CMFT
Jan 30, 2014 1:14:13 PM base.LoadFile main
INFO: Running CMFT
Jan 30, 2014 1:16:27 PM base.LoadFile main
INFO: Running CMFT
Jan 30, 2014 3:31:13 PM base.LoadFile main
INFO: Running CMFT
Jan 30, 2014 3:37:46 PM base.LoadFile main
INFO: Running CMFT
Jan 31, 2014 8:48:53 AM base.LoadFile main
INFO: Running CMFT
Jan 31, 2014 9:09:58 AM base.LoadFile main
INFO: Running CMFT
Jan 31, 2014 9:22:21 AM base.LoadFile main
INFO: Running CMFT
Jan 31, 2014 10:27:26 AM base.LoadFile main
INFO: Running CMFT
Jan 31, 2014 10:30:09 AM base.LoadFile main
INFO: Running CMFT
Jan 31, 2014 10:33:44 AM base.LoadFile main
INFO: Running CMFT
Jan 31, 2014 10:34:53 AM base.LoadFile main
INFO: Running CMFT
Feb 10, 2014 3:00:35 PM base.LoadFile main
INFO: Running CMFT
Feb 10, 2014 3:02:22 PM base.LoadFile main
INFO: Running CMFT
Mar 18, 2014 3:00:06 PM base.LoadFile main
INFO: Running Legal Libs
Mar 18, 2014 3:00:10 PM base.LoadFile main
INFO: Status of Email:  Success
Mar 18, 2014 3:13:55 PM base.LoadFile main
INFO: Running Legal Libs
Mar 18, 2014 3:13:59 PM base.LoadFile main
INFO: Status of Email:  Success after 0 loop(s)
Mar 18, 2014 3:28:53 PM base.LoadFile main
INFO: Running Legal Libs
Mar 18, 2014 3:28:57 PM base.LoadFile main
INFO: Status of Email:  Success after 0 loop(s)
Jul 14, 2014 12:53:29 PM base.LoadFile main
INFO: Running Legal Libs
Jul 14, 2014 1:22:10 PM base.LoadFile main
INFO: Running Legal Libs
Jul 14, 2014 1:22:38 PM base.LoadFile main
INFO: Running Legal Libs
Jul 15, 2014 9:02:49 AM base.LoadFile main
INFO: Running Legal Libs
Jul 15, 2014 9:12:28 AM base.LoadFile main
INFO: Running Legal Libs
Jul 15, 2014 9:24:16 AM base.LoadFile main
INFO: Running Legal Libs
Jul 15, 2014 9:28:09 AM base.LoadFile main
INFO: Running Legal Libs
Jul 15, 2014 9:33:35 AM base.LoadFile main
INFO: Running Legal Libs
Jul 15, 2014 10:08:37 AM base.LoadFile main
INFO: Running Legal Libs
Jul 15, 2014 11:11:23 AM base.LoadFile main
INFO: Running Legal Libs
Jul 15, 2014 12:10:58 PM base.LoadFile main
INFO: Running Legal Libs
Jul 15, 2014 12:25:31 PM base.LoadFile main
INFO: Running Legal Libs
Jul 15, 2014 12:26:02 PM base.LoadFile main
INFO: Running Legal Libs
Jul 15, 2014 12:36:32 PM base.LoadFile main
INFO: Running Legal Libs
Jul 15, 2014 12:37:00 PM base.LoadFile main
INFO: Running Legal Libs
Jul 15, 2014 1:11:20 PM base.LoadFile main
INFO: Running Legal Libs
Jul 15, 2014 1:25:46 PM base.LoadFile main
INFO: Running Legal Libs
Jul 15, 2014 2:51:44 PM base.LoadFile main
INFO: Running Legal Libs
Jul 15, 2014 2:52:24 PM base.LoadFile main
INFO: Running Legal Libs
Jul 15, 2014 2:56:32 PM base.LoadFile main
INFO: Running Legal Libs
Jul 16, 2014 8:30:45 AM base.LoadFile main
INFO: Running Legal Libs
Jul 16, 2014 8:49:48 AM base.LoadFile main
INFO: Running Legal Libs
Jul 16, 2014 10:51:44 AM base.LoadFile main
INFO: Running Legal Libs
Jul 16, 2014 10:54:14 AM base.LoadFile main
INFO: Running Legal Libs
Jul 16, 2014 11:05:40 AM base.LoadFile main
INFO: Running Legal Libs
Jul 16, 2014 11:25:28 AM base.LoadFile main
INFO: Running Legal Libs
Jul 16, 2014 11:58:07 AM base.LoadFile main
INFO: Running Legal Libs
Jul 18, 2014 8:28:45 AM base.LoadFile main
INFO: Running Legal Libs
Jul 18, 2014 8:46:41 AM base.LoadFile main
INFO: Running Legal Libs
Jul 18, 2014 9:11:31 AM base.LoadFile main
INFO: Running Legal Libs
Jul 18, 2014 10:28:51 AM base.LoadFile main
INFO: Running Legal Libs
Jul 18, 2014 11:12:29 AM base.LoadFile main
INFO: Running Legal Libs
Jul 18, 2014 12:07:44 PM base.LoadFile main
INFO: Running Legal Libs
Jul 18, 2014 12:09:02 PM base.LoadFile main
INFO: Running Legal Libs
Jul 18, 2014 12:22:59 PM base.LoadFile main
INFO: Running Legal Libs
Jul 18, 2014 12:29:13 PM base.LoadFile main
INFO: Running Legal Libs
Jul 18, 2014 12:30:15 PM base.LoadFile main
INFO: Running Legal Libs
Jul 21, 2014 3:00:15 PM base.LoadFile main
INFO: Running Legal Libs
Jul 21, 2014 3:00:44 PM base.LoadFile main
INFO: Running Legal Libs
Jul 21, 2014 3:02:52 PM base.LoadFile main
INFO: Running Legal Libs
Oct 31, 2014 12:58:04 PM base.LoadFile main
INFO: Running Legal Libs
Oct 31, 2014 1:06:44 PM base.LoadFile main
INFO: Running Legal Libs
Oct 31, 2014 2:55:29 PM base.LoadFile main
INFO: Running Legal Libs
Oct 31, 2014 2:56:02 PM base.LoadFile main
INFO: Running Legal Libs
Oct 31, 2014 2:57:21 PM base.LoadFile main
INFO: Running Legal Libs
Oct 31, 2014 2:59:03 PM base.LoadFile main
INFO: Running Legal Libs
Oct 31, 2014 3:00:55 PM base.LoadFile main
INFO: Running Legal Libs
Oct 31, 2014 3:09:16 PM base.LoadFile main
INFO: Running Legal Libs
Oct 31, 2014 3:13:33 PM base.LoadFile main
INFO: Running Legal Libs
Oct 31, 2014 3:15:51 PM base.LoadFile main
INFO: Running Legal Libs
Oct 31, 2014 3:20:56 PM base.LoadFile main
INFO: Running Legal Libs
Oct 31, 2014 3:23:18 PM base.LoadFile main
INFO: Running Legal Libs
Oct 31, 2014 3:25:19 PM base.LoadFile main
INFO: Running Legal Libs
Oct 31, 2014 3:25:48 PM base.LoadFile main
INFO: Running Legal Libs
Oct 31, 2014 3:26:17 PM base.LoadFile main
INFO: Running Legal Libs
Oct 31, 2014 3:27:08 PM base.LoadFile main
INFO: Running Legal Libs
Oct 31, 2014 3:33:47 PM base.LoadFile main
INFO: Running Legal Libs
Nov 03, 2014 8:49:27 AM base.LoadFile main
INFO: Running Legal Libs
Nov 03, 2014 11:29:25 AM base.LoadFile main
INFO: Running Legal Libs
Nov 03, 2014 12:18:17 PM base.LoadFile main
INFO: Running Legal Libs
Nov 03, 2014 1:17:53 PM base.LoadFile main
INFO: Running Legal Libs
Nov 03, 2014 1:23:43 PM base.LoadFile main
INFO: Running Legal Libs
Nov 03, 2014 1:24:21 PM base.LoadFile main
INFO: Running Legal Libs
Nov 03, 2014 1:25:03 PM base.LoadFile main
INFO: Running Legal Libs
Nov 03, 2014 2:01:45 PM base.LoadFile main
INFO: Running Legal Libs
Nov 03, 2014 2:11:46 PM base.LoadFile main
INFO: Running Legal Libs
Nov 04, 2014 8:09:45 AM base.LoadFile main
INFO: Running Legal Libs
Nov 04, 2014 9:01:55 AM base.LoadFile main
INFO: Running Legal Libs
Nov 04, 2014 9:02:31 AM base.LoadFile main
INFO: Running Legal Libs
Nov 05, 2014 1:01:17 PM base.LoadFile main
INFO: Running Legal Libs
Nov 05, 2014 1:02:19 PM base.LoadFile main
INFO: Running Legal Libs
Nov 05, 2014 2:24:28 PM base.LoadFile main
INFO: Running Legal Libs
Nov 06, 2014 12:49:11 PM base.LoadFile main
INFO: Running Legal Libs
Nov 06, 2014 12:52:13 PM base.LoadFile main
INFO: Running Legal Libs
Nov 06, 2014 1:09:54 PM base.LoadFile main
INFO: Running Legal Libs
Nov 06, 2014 1:13:29 PM base.LoadFile main
INFO: Running Legal Libs
Nov 06, 2014 1:14:59 PM base.LoadFile main
INFO: Running Legal Libs
Nov 06, 2014 1:15:45 PM base.LoadFile main
INFO: Running Legal Libs
Nov 06, 2014 1:17:03 PM base.LoadFile main
INFO: Running Legal Libs
Nov 06, 2014 1:18:45 PM base.LoadFile main
INFO: Running Legal Libs
Nov 06, 2014 1:20:58 PM base.LoadFile main
INFO: Running Legal Libs
Nov 06, 2014 1:24:01 PM base.LoadFile main
INFO: Running Legal Libs
Nov 06, 2014 1:24:58 PM base.LoadFile main
INFO: Running Legal Libs
Nov 06, 2014 1:25:58 PM base.LoadFile main
INFO: Running Legal Libs
Nov 06, 2014 1:27:36 PM base.LoadFile main
INFO: Running Legal Libs
Nov 06, 2014 1:33:42 PM base.LoadFile main
INFO: Running Legal Libs
Nov 06, 2014 1:53:48 PM base.LoadFile main
INFO: Running Legal Libs
Nov 06, 2014 2:12:51 PM base.LoadFile main
INFO: Running Legal Libs
Nov 06, 2014 2:15:33 PM base.LoadFile main
INFO: Running Legal Libs
Nov 06, 2014 2:21:44 PM base.LoadFile main
INFO: Running Legal Libs
Nov 06, 2014 3:24:22 PM base.LoadFile main
INFO: Running Legal Libs
Nov 06, 2014 3:26:10 PM base.LoadFile main
INFO: Running Legal Libs
Nov 10, 2014 7:38:31 AM base.LoadFile main
INFO: Running Legal Libs
Nov 10, 2014 7:42:53 AM base.LoadFile main
INFO: Running Legal Libs
Nov 10, 2014 7:45:49 AM base.LoadFile main
INFO: Running Legal Libs
Nov 10, 2014 11:53:42 AM base.LoadFile main
INFO: Running Legal Libs
Nov 10, 2014 12:23:47 PM base.LoadFile main
INFO: Running Legal Libs
Nov 10, 2014 1:00:38 PM base.LoadFile main
INFO: Running Legal Libs
Nov 12, 2014 2:26:56 PM base.LoadFile main
INFO: Running Legal Libs
Nov 12, 2014 3:24:31 PM base.LoadFile main
INFO: Running Legal Libs
Nov 12, 2014 3:26:34 PM base.LoadFile main
INFO: Running Legal Libs
Nov 12, 2014 3:28:18 PM base.LoadFile main
INFO: Running Legal Libs
Nov 13, 2014 9:55:32 AM base.LoadFile main
INFO: Running Legal Libs
Nov 13, 2014 11:14:15 AM base.LoadFile main
INFO: Running Legal Libs
Nov 13, 2014 11:14:57 AM base.LoadFile main
INFO: Running Legal Libs
Nov 13, 2014 11:48:12 AM base.LoadFile main
INFO: Running Legal Libs
Nov 13, 2014 12:12:12 PM base.LoadFile main
INFO: Running Legal Libs
Nov 13, 2014 12:37:48 PM base.LoadFile main
INFO: Running Legal Libs
Nov 13, 2014 12:42:20 PM base.LoadFile main
INFO: Running Legal Libs
Nov 13, 2014 1:39:48 PM base.LoadFile main
INFO: Running Legal Libs
Nov 13, 2014 1:43:10 PM base.LoadFile main
INFO: Running Legal Libs
Nov 13, 2014 1:45:03 PM base.LoadFile main
INFO: Running Legal Libs
Nov 13, 2014 1:45:36 PM base.LoadFile main
INFO: Running Legal Libs
Nov 13, 2014 1:45:56 PM base.LoadFile main
INFO: Running Legal Libs
Nov 13, 2014 1:46:19 PM base.LoadFile main
INFO: Running Legal Libs
Nov 13, 2014 1:47:50 PM base.LoadFile main
INFO: Running Legal Libs
Nov 13, 2014 1:53:06 PM base.LoadFile main
INFO: Running Legal Libs
Nov 13, 2014 2:27:59 PM base.LoadFile main
INFO: Running Legal Libs
Nov 13, 2014 2:30:57 PM base.LoadFile main
INFO: Running Legal Libs
Nov 13, 2014 2:51:12 PM base.LoadFile main
INFO: Running Legal Libs
Nov 13, 2014 2:57:13 PM base.LoadFile main
INFO: Running Legal Libs
Nov 13, 2014 3:03:19 PM base.LoadFile main
INFO: Running Legal Libs
Nov 13, 2014 3:05:23 PM base.LoadFile main
INFO: Running Legal Libs
Nov 13, 2014 3:06:39 PM base.LoadFile main
INFO: Running Legal Libs
Nov 13, 2014 3:07:47 PM base.LoadFile main
INFO: Running Legal Libs
Nov 13, 2014 3:09:32 PM base.LoadFile main
INFO: Running Legal Libs
Nov 13, 2014 3:18:52 PM base.LoadFile main
INFO: Running Legal Libs
Nov 13, 2014 3:19:36 PM base.LoadFile main
INFO: Running Legal Libs
Nov 13, 2014 3:25:34 PM base.LoadFile main
INFO: Running Legal Libs
Nov 13, 2014 3:28:19 PM base.LoadFile main
INFO: Running Legal Libs
Nov 14, 2014 11:46:51 AM base.LoadFile main
INFO: Running Legal Libs
Nov 14, 2014 12:12:48 PM base.LoadFile main
INFO: Running Legal Libs
Nov 14, 2014 12:41:16 PM base.LoadFile main
INFO: Running Legal Libs
Nov 14, 2014 12:42:50 PM base.LoadFile main
INFO: Running Legal Libs
Nov 14, 2014 12:44:00 PM base.LoadFile main
INFO: Running Legal Libs
Nov 14, 2014 12:53:30 PM base.LoadFile main
INFO: Running Legal Libs
Nov 14, 2014 2:57:08 PM base.LoadFile main
INFO: Running Legal Libs
Nov 14, 2014 2:57:26 PM base.LoadFile main
INFO: Running Legal Libs
Nov 14, 2014 2:58:03 PM base.LoadFile main
INFO: Running Legal Libs
Nov 14, 2014 3:41:26 PM base.LoadFile main
INFO: Running Legal Libs
Nov 17, 2014 11:56:18 AM base.LoadFile main
INFO: Running Legal Libs
Nov 17, 2014 12:04:00 PM base.LoadFile main
INFO: Running Legal Libs
Nov 17, 2014 12:04:11 PM base.LoadFile main
INFO: Running Legal Libs
Nov 17, 2014 12:10:16 PM base.LoadFile main
INFO: Running Legal Libs
Nov 17, 2014 12:14:40 PM base.LoadFile main
INFO: Running Legal Libs
Nov 17, 2014 12:43:48 PM base.LoadFile main
INFO: Running Legal Libs
Nov 17, 2014 12:45:00 PM base.LoadFile main
INFO: Running Legal Libs
Nov 17, 2014 12:45:13 PM base.LoadFile main
INFO: Running Legal Libs
Nov 17, 2014 2:29:04 PM base.LoadFile main
INFO: Running Legal Libs
Nov 17, 2014 2:32:03 PM base.LoadFile main
INFO: Running Legal Libs
Nov 17, 2014 2:36:26 PM base.LoadFile main
INFO: Running Legal Libs
Nov 17, 2014 2:39:22 PM base.LoadFile main
INFO: Running Legal Libs
Nov 17, 2014 2:54:25 PM base.LoadFile main
INFO: Running Legal Libs
Nov 17, 2014 2:55:12 PM base.LoadFile main
INFO: Running Legal Libs
Nov 18, 2014 11:58:16 AM base.LoadFile main
INFO: Running Legal Libs
Nov 18, 2014 11:59:58 AM base.LoadFile main
INFO: Running Legal Libs
Nov 18, 2014 3:03:36 PM base.LoadFile main
INFO: Running Legal Libs
Nov 18, 2014 3:14:44 PM base.LoadFile main
INFO: Running Legal Libs
Jan 12, 2015 2:52:27 PM base.LoadFile main
INFO: Running Legal Libs
Jan 12, 2015 3:04:17 PM base.LoadFile main
INFO: Running Legal Libs
Jan 12, 2015 3:11:08 PM base.LoadFile main
INFO: Running Legal Libs
Jan 12, 2015 3:21:16 PM base.LoadFile main
INFO: Running Legal Libs
Jan 12, 2015 3:30:58 PM base.LoadFile main
INFO: Running Legal Libs
Jan 12, 2015 3:33:47 PM base.LoadFile main
INFO: Running Legal Libs
Jan 13, 2015 10:17:34 AM base.LoadFile main
INFO: Running Legal Libs
Mar 11, 2015 2:40:36 PM base.LoadFile main
INFO: Running Legal Libs
Mar 11, 2015 2:40:41 PM base.LoadFile main
INFO: Status of Email:  Success after 0 loop(s)
Mar 11, 2015 3:17:57 PM base.LoadFile main
INFO: Running Legal Libs
Mar 11, 2015 3:18:28 PM base.LoadFile main
INFO: Running Legal Libs
Mar 11, 2015 3:18:32 PM base.LoadFile main
INFO: Status of Email:  Success after 0 loop(s)
Mar 11, 2015 3:23:32 PM base.LoadFile main
INFO: Running Legal Libs
Mar 11, 2015 3:23:36 PM base.LoadFile main
INFO: Status of Email:  Success after 0 loop(s)
Mar 11, 2015 3:25:28 PM base.LoadFile main
INFO: Running Legal Libs
Mar 11, 2015 3:25:31 PM base.LoadFile main
INFO: Status of Email:  Success after 0 loop(s)
Mar 12, 2015 9:42:18 AM base.LoadFile main
INFO: Running Legal Libs
Mar 12, 2015 9:42:22 AM base.LoadFile main
INFO: Status of Email:  Success after 0 loop(s)
Mar 12, 2015 11:38:24 AM base.LoadFile main
INFO: Running Legal Libs
Mar 12, 2015 11:38:27 AM base.LoadFile main
INFO: Status of Email:  Success after 0 loop(s)
Mar 12, 2015 12:09:26 PM base.LoadFile main
INFO: Running Legal Libs
Mar 12, 2015 12:09:30 PM base.LoadFile main
INFO: Status of Email:  Success after 0 loop(s)
Mar 12, 2015 12:11:46 PM base.LoadFile main
INFO: Running Legal Libs
Mar 12, 2015 12:11:51 PM base.LoadFile main
INFO: Status of Email:  Success after 0 loop(s)
Mar 12, 2015 1:08:49 PM base.LoadFile main
INFO: Running Legal Libs
Mar 12, 2015 1:08:52 PM base.LoadFile main
INFO: Status of Email:  Success after 0 loop(s)
Mar 12, 2015 2:37:44 PM base.LoadFile main
INFO: Running Legal Libs
Mar 12, 2015 2:37:56 PM base.LoadFile main
INFO: Status of Email:  Success after 0 loop(s)
Mar 12, 2015 2:39:37 PM base.LoadFile main
INFO: Running Legal Libs
Mar 12, 2015 2:39:40 PM base.LoadFile main
INFO: Status of Email:  Success after 0 loop(s)
Mar 12, 2015 2:44:38 PM base.LoadFile main
INFO: Running Legal Libs
Mar 12, 2015 2:44:46 PM base.LoadFile main
INFO: Status of Email:  Success after 0 loop(s)
Mar 12, 2015 2:47:33 PM base.LoadFile main
INFO: Running Legal Libs
Mar 12, 2015 2:47:40 PM base.LoadFile main
INFO: Status of Email:  Success after 0 loop(s)
Apr 07, 2015 11:50:16 AM base.LoadFile main
INFO: Running Legal Libs
Apr 07, 2015 11:50:27 AM base.LoadFile main
INFO: Running Legal Libs
Apr 07, 2015 11:52:06 AM base.LoadFile main
INFO: Running Legal Libs
Apr 07, 2015 12:28:14 PM base.LoadFile main
INFO: Running Legal Libs
Apr 07, 2015 12:28:19 PM base.LoadFile main
INFO: Status of Email:  Success after 0 loop(s)
Apr 07, 2015 12:47:04 PM base.LoadFile main
INFO: Running Legal Libs
Apr 07, 2015 12:47:08 PM base.LoadFile main
INFO: Status of Email:  Success after 0 loop(s)
May 21, 2015 2:32:06 PM base.LoadFile main
INFO: Running Legal Libs
May 21, 2015 2:32:12 PM base.LoadFile main
INFO: Status of Email:  Success after 0 loop(s)
May 21, 2015 2:32:15 PM base.LoadFile main
INFO: Status of Email:  Success after 0 loop(s)
Jun 17, 2015 12:59:36 PM base.LoadFile main
INFO: Running Legal Libs
Jun 17, 2015 12:59:44 PM base.LoadFile main
INFO: Status of Email:  Success after 0 loop(s)
Jun 17, 2015 1:03:38 PM base.LoadFile main
INFO: Running Legal Libs
Jun 17, 2015 1:03:42 PM base.LoadFile main
INFO: Status of Email:  Success after 0 loop(s)
Jun 17, 2015 2:37:14 PM base.LoadFile main
INFO: Running Legal Libs
Jun 17, 2015 2:37:18 PM base.LoadFile main
INFO: Status of Email:  Success after 0 loop(s)
Jun 18, 2015 9:32:46 AM base.LoadFile main
INFO: Running Legal Libs
Jun 18, 2015 9:32:51 AM base.LoadFile main
INFO: Status of Email:  Success after 0 loop(s)
Jun 18, 2015 10:00:28 AM base.LoadFile main
INFO: Running Legal Libs
Jun 18, 2015 10:00:32 AM base.LoadFile main
INFO: Status of Email:  Success after 0 loop(s)
Jun 18, 2015 10:16:01 AM base.LoadFile main
INFO: Running Legal Libs
Jun 18, 2015 10:16:04 AM base.LoadFile main
INFO: Status of Email:  Success after 0 loop(s)
Jun 18, 2015 10:31:22 AM base.LoadFile main
INFO: Running Legal Libs
Jun 18, 2015 10:31:25 AM base.LoadFile main
INFO: Status of Email:  Success after 0 loop(s)
Jun 18, 2015 10:37:30 AM base.LoadFile main
INFO: Running Legal Libs
Jun 18, 2015 10:37:33 AM base.LoadFile main
INFO: Status of Email:  Success after 0 loop(s)
Jun 18, 2015 11:01:24 AM base.LoadFile main
INFO: Running Legal Libs
Jun 18, 2015 11:01:28 AM base.LoadFile main
INFO: Status of Email:  Success after 0 loop(s)
Jun 18, 2015 12:13:45 PM base.LoadFile main
INFO: Running Legal Libs
Jun 18, 2015 12:13:49 PM base.LoadFile main
INFO: Status of Email:  Success after 0 loop(s)
Jun 18, 2015 12:34:14 PM base.LoadFile main
INFO: Running Legal Libs
Jun 18, 2015 12:34:20 PM base.LoadFile main
INFO: Status of Email:  Success after 0 loop(s)
Jun 18, 2015 2:27:58 PM base.LoadFile main
INFO: Running Legal Libs
Jun 18, 2015 2:28:04 PM base.LoadFile main
INFO: Status of Email:  Success after 0 loop(s)
Jun 18, 2015 2:29:39 PM base.LoadFile main
INFO: Running Legal Libs
Jun 18, 2015 2:29:43 PM base.LoadFile main
INFO: Status of Email:  Success after 0 loop(s)
Jun 18, 2015 2:48:35 PM base.LoadFile main
INFO: Running Legal Libs
Jun 18, 2015 2:48:41 PM base.LoadFile main
INFO: Status of Email:  Success after 0 loop(s)
Jun 19, 2015 11:20:52 AM base.LoadFile main
INFO: Running Legal Libs
Jun 19, 2015 11:20:55 AM base.LoadFile main
INFO: Status of Email:  Success after 0 loop(s)
Jun 19, 2015 12:47:45 PM base.LoadFile main
INFO: Running Legal Libs
Jun 19, 2015 12:47:48 PM base.LoadFile main
INFO: Status of Email:  Success after 0 loop(s)
Jun 22, 2015 8:04:37 AM base.LoadFile main
INFO: Running Legal Libs
Jun 22, 2015 11:33:49 AM base.LoadFile main
INFO: Running Legal Libs
Jun 22, 2015 11:33:56 AM base.LoadFile main
INFO: Status of Email:  Success after 0 loop(s)
Jun 22, 2015 11:58:39 AM base.LoadFile main
INFO: Running Legal Libs
Jun 22, 2015 11:58:42 AM base.LoadFile main
INFO: Status of Email:  Success after 0 loop(s)
Jun 22, 2015 12:50:22 PM base.LoadFile main
INFO: Running Legal Libs
Jun 22, 2015 12:50:25 PM base.LoadFile main
INFO: Status of Email:  Success after 0 loop(s)
Jun 22, 2015 1:04:07 PM base.LoadFile main
INFO: Running Legal Libs
Jun 22, 2015 1:04:10 PM base.LoadFile main
INFO: Status of Email:  Success after 0 loop(s)
Jun 22, 2015 2:34:52 PM base.LoadFile main
INFO: Running Legal Libs
Jun 22, 2015 2:34:58 PM base.LoadFile main
INFO: Status of Email:  Success after 0 loop(s)
Jun 23, 2015 7:07:03 AM base.LoadFile main
INFO: Running Legal Libs
Jun 23, 2015 7:07:06 AM base.LoadFile main
INFO: Status of Email:  Success after 0 loop(s)
Jun 23, 2015 9:33:46 AM base.LoadFile main
INFO: Running Legal Libs
Jun 23, 2015 9:33:49 AM base.LoadFile main
INFO: Status of Email:  Success after 0 loop(s)
Jun 23, 2015 10:57:19 AM base.LoadFile main
INFO: Running Legal Libs
Jun 23, 2015 10:57:22 AM base.LoadFile main
INFO: Status of Email:  Success after 0 loop(s)
Jun 23, 2015 10:58:48 AM base.LoadFile main
INFO: Running Legal Libs
Jun 23, 2015 10:58:51 AM base.LoadFile main
INFO: Status of Email:  Success after 0 loop(s)
Jun 23, 2015 11:02:30 AM base.LoadFile main
INFO: Running Legal Libs
Jun 23, 2015 11:02:33 AM base.LoadFile main
INFO: Status of Email:  Success after 0 loop(s)
Jun 23, 2015 11:13:00 AM base.LoadFile main
INFO: Running Legal Libs
Jun 23, 2015 11:13:04 AM base.LoadFile main
INFO: Status of Email:  Success after 0 loop(s)
Jun 23, 2015 12:13:06 PM base.LoadFile main
INFO: Running Legal Libs
Jun 23, 2015 12:13:10 PM base.LoadFile main
INFO: Status of Email:  Success after 0 loop(s)
Jun 23, 2015 12:15:36 PM base.LoadFile main
INFO: Running Legal Libs
Jun 23, 2015 12:15:40 PM base.LoadFile main
INFO: Status of Email:  Success after 0 loop(s)
Jun 23, 2015 12:22:25 PM base.LoadFile main
INFO: Running Legal Libs
Jun 23, 2015 12:22:30 PM base.LoadFile main
INFO: Status of Email:  Success after 0 loop(s)
Jun 23, 2015 12:25:29 PM base.LoadFile main
INFO: Running Legal Libs
Jun 23, 2015 12:25:32 PM base.LoadFile main
INFO: Status of Email:  Success after 0 loop(s)
Jun 23, 2015 12:29:23 PM base.LoadFile main
INFO: Running Legal Libs
Jun 23, 2015 12:29:26 PM base.LoadFile main
INFO: Status of Email:  Success after 0 loop(s)
Jun 23, 2015 12:35:57 PM base.LoadFile main
INFO: Running Legal Libs
Jun 23, 2015 12:35:59 PM base.LoadFile main
INFO: Status of Email:  Success after 0 loop(s)
Jun 23, 2015 12:37:44 PM base.LoadFile main
INFO: Running Legal Libs
Jun 23, 2015 12:37:47 PM base.LoadFile main
INFO: Status of Email:  Success after 0 loop(s)
Jun 23, 2015 12:43:46 PM base.LoadFile main
INFO: Running Legal Libs
Jun 23, 2015 12:43:49 PM base.LoadFile main
INFO: Status of Email:  Success after 0 loop(s)
Jun 23, 2015 12:49:49 PM base.LoadFile main
INFO: Running Legal Libs
Jun 23, 2015 12:49:52 PM base.LoadFile main
INFO: Status of Email:  Success after 0 loop(s)
Jun 23, 2015 12:51:41 PM base.LoadFile main
INFO: Running Legal Libs
Jun 23, 2015 12:51:44 PM base.LoadFile main
INFO: Status of Email:  Success after 0 loop(s)
Jun 23, 2015 12:52:46 PM base.LoadFile main
INFO: Running Legal Libs
Jun 23, 2015 12:52:52 PM base.LoadFile main
INFO: Status of Email:  Success after 0 loop(s)
Jun 23, 2015 12:57:44 PM base.LoadFile main
INFO: Running Legal Libs
Jun 23, 2015 12:57:47 PM base.LoadFile main
INFO: Status of Email:  Success after 0 loop(s)
Jun 24, 2015 9:03:24 AM base.LoadFile main
INFO: Running Legal Libs
Jun 24, 2015 9:03:28 AM base.LoadFile main
INFO: Status of Email:  Success after 0 loop(s)
Jun 24, 2015 10:44:13 AM base.LoadFile main
INFO: Running Legal Libs
Jun 24, 2015 10:44:20 AM base.LoadFile main
INFO: Status of Email:  Success after 0 loop(s)
Jun 24, 2015 11:37:15 AM base.LoadFile main
INFO: Running Legal Libs
Jun 24, 2015 11:37:23 AM base.LoadFile main
INFO: Status of Email:  Success after 0 loop(s)
Jun 24, 2015 11:42:46 AM base.LoadFile main
INFO: Running Legal Libs
Jun 24, 2015 11:42:49 AM base.LoadFile main
INFO: Status of Email:  Success after 0 loop(s)
Jun 24, 2015 11:47:07 AM base.LoadFile main
INFO: Running Legal Libs
Jun 24, 2015 11:47:13 AM base.LoadFile main
INFO: Status of Email:  Success after 0 loop(s)
Jun 24, 2015 11:48:21 AM base.LoadFile main
INFO: Running Legal Libs
Jun 24, 2015 11:48:26 AM base.LoadFile main
INFO: Status of Email:  Success after 0 loop(s)
Jun 24, 2015 11:49:30 AM base.LoadFile main
INFO: Running Legal Libs
Jun 24, 2015 11:49:33 AM base.LoadFile main
INFO: Status of Email:  Success after 0 loop(s)
Jun 24, 2015 11:50:40 AM base.LoadFile main
INFO: Running Legal Libs
Jun 24, 2015 11:50:43 AM base.LoadFile main
INFO: Status of Email:  Success after 0 loop(s)
Jun 24, 2015 12:25:55 PM base.LoadFile main
INFO: Running Legal Libs
Jun 24, 2015 12:25:59 PM base.LoadFile main
INFO: Status of Email:  Success after 0 loop(s)
Jun 24, 2015 12:48:53 PM base.LoadFile main
INFO: Running Legal Libs
Jun 24, 2015 12:48:57 PM base.LoadFile main
INFO: Status of Email:  Success after 0 loop(s)
Jun 24, 2015 2:52:42 PM base.LoadFile main
INFO: Running Legal Libs
Jun 24, 2015 2:52:46 PM base.LoadFile main
INFO: Status of Email:  Success after 0 loop(s)
Jun 24, 2015 2:54:20 PM base.LoadFile main
INFO: Running Legal Libs
Jun 24, 2015 2:54:26 PM base.LoadFile main
INFO: Status of Email:  Success after 0 loop(s)
Jun 24, 2015 2:57:52 PM base.LoadFile main
INFO: Running Legal Libs
Jun 24, 2015 2:57:58 PM base.LoadFile main
INFO: Status of Email:  Success after 0 loop(s)
Jun 25, 2015 9:42:29 AM base.LoadFile main
INFO: Running Legal Libs
Jun 25, 2015 9:42:33 AM base.LoadFile main
INFO: Status of Email:  Success after 0 loop(s)
Jun 25, 2015 9:45:43 AM base.LoadFile main
INFO: Running Legal Libs
Jun 25, 2015 9:45:47 AM base.LoadFile main
INFO: Status of Email:  Success after 0 loop(s)
Jun 25, 2015 9:46:59 AM base.LoadFile main
INFO: Running Legal Libs
Jun 25, 2015 9:47:06 AM base.LoadFile main
INFO: Status of Email:  Success after 0 loop(s)
Jun 25, 2015 9:50:25 AM base.LoadFile main
INFO: Running Legal Libs
Jun 25, 2015 9:50:28 AM base.LoadFile main
INFO: Status of Email:  Success after 0 loop(s)
Jun 25, 2015 10:18:24 AM base.LoadFile main
INFO: Running Legal Libs
Jun 25, 2015 10:18:29 AM base.LoadFile main
INFO: Status of Email:  Success after 0 loop(s)
Jun 25, 2015 10:23:11 AM base.LoadFile main
INFO: Running Legal Libs
Jun 25, 2015 10:23:16 AM base.LoadFile main
INFO: Status of Email:  Success after 0 loop(s)
Jun 25, 2015 10:25:00 AM base.LoadFile main
INFO: Running Legal Libs
Jun 25, 2015 10:25:05 AM base.LoadFile main
INFO: Status of Email:  Success after 0 loop(s)
Jun 25, 2015 10:28:01 AM base.LoadFile main
INFO: Running Legal Libs
Jun 25, 2015 10:28:09 AM base.LoadFile main
INFO: Status of Email:  Success after 0 loop(s)
Jun 25, 2015 10:38:52 AM base.LoadFile main
INFO: Running Legal Libs
Jun 25, 2015 10:38:57 AM base.LoadFile main
INFO: Status of Email:  Success after 0 loop(s)
Jun 25, 2015 11:38:12 AM base.LoadFile main
INFO: Running Legal Libs
Jun 25, 2015 11:38:16 AM base.LoadFile main
INFO: Status of Email:  Success after 0 loop(s)
Jun 25, 2015 11:47:42 AM base.LoadFile main
INFO: Running Legal Libs
Jun 25, 2015 11:47:54 AM base.LoadFile main
INFO: Status of Email:  Success after 0 loop(s)
Jun 25, 2015 11:50:54 AM base.LoadFile main
INFO: Running Legal Libs
Jun 25, 2015 11:50:58 AM base.LoadFile main
INFO: Status of Email:  Success after 0 loop(s)
Jun 25, 2015 11:52:10 AM base.LoadFile main
INFO: Running Legal Libs
Jun 25, 2015 11:52:16 AM base.LoadFile main
INFO: Status of Email:  Success after 0 loop(s)
Jun 25, 2015 12:53:33 PM base.LoadFile main
INFO: Running Legal Libs
Jun 25, 2015 12:53:40 PM base.LoadFile main
INFO: Status of Email:  Success after 0 loop(s)
Jul 15, 2015 12:42:32 PM base.LoadFile main
INFO: Running Legal Libs
Jul 15, 2015 12:42:37 PM base.LoadFile main
INFO: Status of Email:  Success after 0 loop(s)
Jul 15, 2015 2:51:26 PM base.LoadFile main
INFO: Running Legal Libs
Jul 15, 2015 2:51:29 PM base.LoadFile main
INFO: Status of Email:  Success after 0 loop(s)
Jul 17, 2015 10:14:56 AM base.LoadFile main
INFO: Running Legal Libs
Jul 17, 2015 10:15:02 AM base.LoadFile main
INFO: Status of Email:  Success after 0 loop(s)
Jul 17, 2015 10:43:02 AM base.LoadFile main
INFO: Running Legal Libs
Jul 17, 2015 10:43:06 AM base.LoadFile main
INFO: Status of Email:  Success after 0 loop(s)
Jul 20, 2015 11:15:32 AM base.LoadFile main
INFO: Running Legal Libs
Jul 20, 2015 11:15:38 AM base.LoadFile main
INFO: Status of Email:  Success after 0 loop(s)
Jul 20, 2015 11:22:06 AM base.LoadFile main
INFO: Running Legal Libs
Jul 20, 2015 11:22:11 AM base.LoadFile main
INFO: Status of Email:  Success after 0 loop(s)
Jul 20, 2015 11:23:25 AM base.LoadFile main
INFO: Running Legal Libs
Jul 20, 2015 11:23:29 AM base.LoadFile main
INFO: Status of Email:  Success after 0 loop(s)
Jul 20, 2015 11:25:32 AM base.LoadFile main
INFO: Running Legal Libs
Jul 20, 2015 11:25:36 AM base.LoadFile main
INFO: Status of Email:  Success after 0 loop(s)
Jul 20, 2015 12:14:04 PM base.LoadFile main
INFO: Running Legal Libs
Jul 20, 2015 12:14:07 PM base.LoadFile main
INFO: Status of Email:  Success after 0 loop(s)
Jul 20, 2015 12:18:14 PM base.LoadFile main
INFO: Running Legal Libs
Jul 20, 2015 12:18:19 PM base.LoadFile main
INFO: Status of Email:  Success after 0 loop(s)
Jul 20, 2015 12:20:55 PM base.LoadFile main
INFO: Running Legal Libs
Jul 20, 2015 12:21:02 PM base.LoadFile main
INFO: Status of Email:  Success after 0 loop(s)
Jul 20, 2015 12:22:28 PM base.LoadFile main
INFO: Running Legal Libs
Jul 20, 2015 12:22:33 PM base.LoadFile main
INFO: Status of Email:  Success after 0 loop(s)
Jul 20, 2015 12:23:50 PM base.LoadFile main
INFO: Running Legal Libs
Jul 20, 2015 12:23:55 PM base.LoadFile main
INFO: Status of Email:  Success after 0 loop(s)
Jul 21, 2015 9:59:31 AM base.LoadFile main
INFO: Running Legal Libs
Jul 21, 2015 9:59:38 AM base.LoadFile main
INFO: Status of Email:  Success after 0 loop(s)
Jul 21, 2015 10:03:19 AM base.LoadFile main
INFO: Running Legal Libs
Jul 21, 2015 10:03:23 AM base.LoadFile main
INFO: Status of Email:  Success after 0 loop(s)
Jul 21, 2015 10:06:30 AM base.LoadFile main
INFO: Running Legal Libs
Jul 21, 2015 10:06:33 AM base.LoadFile main
INFO: Status of Email:  Success after 0 loop(s)
Jul 21, 2015 10:26:04 AM base.LoadFile main
INFO: Running Legal Libs
Jul 21, 2015 10:26:09 AM base.LoadFile main
INFO: Status of Email:  Success after 0 loop(s)
Jul 21, 2015 10:27:45 AM base.LoadFile main
INFO: Running Legal Libs
Jul 21, 2015 10:27:50 AM base.LoadFile main
INFO: Status of Email:  Success after 0 loop(s)
Jul 21, 2015 10:45:26 AM base.LoadFile main
INFO: Running Legal Libs
Jul 21, 2015 10:45:30 AM base.LoadFile main
INFO: Status of Email:  Success after 0 loop(s)
Jul 21, 2015 3:10:08 PM base.LoadFile main
INFO: Running Legal Libs
Jul 21, 2015 3:10:16 PM base.LoadFile main
INFO: Status of Email:  Success after 0 loop(s)
Aug 17, 2015 10:27:04 AM base.LoadFile main
INFO: Running Legal Libs
Aug 17, 2015 10:27:16 AM base.LoadFile main
INFO: Status of Email:  Success after 0 loop(s)
Aug 17, 2015 10:37:23 AM base.LoadFile main
INFO: Running Legal Libs
Aug 17, 2015 10:37:53 AM base.LoadFile main
INFO: Running Legal Libs
Aug 17, 2015 10:38:57 AM base.LoadFile main
INFO: Running Legal Libs
Aug 17, 2015 10:39:04 AM base.LoadFile main
INFO: Status of Email:  Success after 0 loop(s)
Aug 17, 2015 10:53:51 AM base.LoadFile main
INFO: Running Legal Libs
Aug 17, 2015 10:53:57 AM base.LoadFile main
INFO: Status of Email:  Success after 0 loop(s)
Aug 17, 2015 11:44:44 AM base.LoadFile main
INFO: Running Legal Libs
Aug 17, 2015 11:44:47 AM base.LoadFile main
INFO: Status of Email:  Success after 0 loop(s)
Aug 17, 2015 12:19:47 PM base.LoadFile main
INFO: Running Legal Libs
Aug 17, 2015 12:19:51 PM base.LoadFile main
INFO: Status of Email:  Success after 0 loop(s)
Aug 17, 2015 12:24:53 PM base.LoadFile main
INFO: Running Legal Libs
Aug 17, 2015 12:25:29 PM base.LoadFile main
INFO: Running Legal Libs
Aug 17, 2015 12:25:36 PM base.LoadFile main
INFO: Status of Email:  Success after 0 loop(s)
Aug 17, 2015 12:28:09 PM base.LoadFile main
INFO: Running Legal Libs
Aug 17, 2015 12:28:15 PM base.LoadFile main
INFO: Status of Email:  Success after 0 loop(s)
Aug 17, 2015 12:41:40 PM base.LoadFile main
INFO: Running Legal Libs
Aug 17, 2015 12:41:43 PM base.LoadFile main
INFO: Status of Email:  Success after 0 loop(s)
Aug 17, 2015 12:58:24 PM base.LoadFile main
INFO: Running Legal Libs
Aug 17, 2015 12:58:27 PM base.LoadFile main
INFO: Status of Email:  Success after 0 loop(s)
Aug 17, 2015 2:59:06 PM base.LoadFile main
INFO: Running Legal Libs
Aug 17, 2015 2:59:13 PM base.LoadFile main
INFO: Status of Email:  Success after 0 loop(s)
Aug 17, 2015 3:01:43 PM base.LoadFile main
INFO: Running Legal Libs
Aug 17, 2015 3:01:46 PM base.LoadFile main
INFO: Status of Email:  Success after 0 loop(s)
Aug 18, 2015 11:34:53 AM base.LoadFile main
INFO: Running Legal Libs
Aug 18, 2015 11:34:57 AM base.LoadFile main
INFO: Status of Email:  Success after 0 loop(s)
Aug 20, 2015 9:12:29 AM base.LoadFile main
INFO: Running Legal Libs
Aug 20, 2015 9:12:33 AM base.LoadFile main
INFO: Status of Email:  Success after 0 loop(s)
Aug 20, 2015 9:49:40 AM base.LoadFile main
INFO: Running Legal Libs
Aug 20, 2015 9:49:45 AM base.LoadFile main
INFO: Status of Email:  Success after 0 loop(s)
Aug 20, 2015 10:13:22 AM base.LoadFile main
INFO: Running Legal Libs
Aug 20, 2015 10:13:27 AM base.LoadFile main
INFO: Status of Email:  Success after 0 loop(s)
Aug 20, 2015 11:46:43 AM base.LoadFile main
INFO: Running Legal Libs
Aug 20, 2015 11:46:48 AM base.LoadFile main
INFO: Status of Email:  Success after 0 loop(s)
Aug 20, 2015 11:53:33 AM base.LoadFile main
INFO: Running Legal Libs
Aug 20, 2015 11:53:39 AM base.LoadFile main
INFO: Status of Email:  Success after 0 loop(s)
Aug 20, 2015 12:17:58 PM base.LoadFile main
INFO: Running Legal Libs
Aug 20, 2015 12:18:02 PM base.LoadFile main
INFO: Status of Email:  Success after 0 loop(s)
Aug 20, 2015 12:20:28 PM base.LoadFile main
INFO: Running Legal Libs
Aug 20, 2015 12:20:34 PM base.LoadFile main
INFO: Status of Email:  Success after 0 loop(s)
Aug 20, 2015 1:18:43 PM base.LoadFile main
INFO: Running Legal Libs
Aug 20, 2015 1:18:48 PM base.LoadFile main
INFO: Status of Email:  Success after 0 loop(s)
Aug 20, 2015 1:31:06 PM base.LoadFile main
INFO: Running Legal Libs
Aug 20, 2015 1:31:11 PM base.LoadFile main
INFO: Status of Email:  Success after 0 loop(s)
Aug 20, 2015 1:36:07 PM base.LoadFile main
INFO: Running Legal Libs
Aug 20, 2015 1:36:11 PM base.LoadFile main
INFO: Status of Email:  Success after 0 loop(s)
Aug 20, 2015 2:31:19 PM base.LoadFile main
INFO: Running Legal Libs
Aug 20, 2015 2:31:24 PM base.LoadFile main
INFO: Status of Email:  Success after 0 loop(s)
Aug 20, 2015 3:21:27 PM base.LoadFile main
INFO: Running Legal Libs
Aug 20, 2015 3:21:31 PM base.LoadFile main
INFO: Status of Email:  Success after 0 loop(s)
Aug 21, 2015 12:50:23 PM base.LoadFile main
INFO: Running Legal Libs
Aug 21, 2015 12:50:31 PM base.LoadFile main
INFO: Status of Email:  Success after 0 loop(s)
Aug 21, 2015 12:52:53 PM base.LoadFile main
INFO: Running Legal Libs
Aug 21, 2015 12:52:58 PM base.LoadFile main
INFO: Status of Email:  Success after 0 loop(s)
Aug 21, 2015 1:12:10 PM base.LoadFile main
INFO: Running Legal Libs
Aug 21, 2015 1:12:16 PM base.LoadFile main
INFO: Status of Email:  Success after 0 loop(s)
Aug 21, 2015 1:16:01 PM base.LoadFile main
INFO: Running Legal Libs
Aug 21, 2015 1:16:06 PM base.LoadFile main
INFO: Status of Email:  Success after 0 loop(s)
Aug 21, 2015 1:17:57 PM base.LoadFile main
INFO: Running Legal Libs
Aug 21, 2015 1:18:02 PM base.LoadFile main
INFO: Status of Email:  Success after 0 loop(s)
Aug 21, 2015 1:19:30 PM base.LoadFile main
INFO: Running Legal Libs
Aug 21, 2015 1:19:35 PM base.LoadFile main
INFO: Status of Email:  Success after 0 loop(s)
Aug 21, 2015 2:55:02 PM base.LoadFile main
INFO: Running Legal Libs
Aug 21, 2015 2:55:08 PM base.LoadFile main
INFO: Status of Email:  Success after 0 loop(s)
Aug 24, 2015 2:36:01 PM base.LoadFile main
INFO: Running Legal Libs
Aug 24, 2015 2:36:09 PM base.LoadFile main
INFO: Status of Email:  Success after 0 loop(s)
Aug 24, 2015 2:40:56 PM base.LoadFile main
INFO: Running Legal Libs
Aug 24, 2015 2:41:01 PM base.LoadFile main
INFO: Status of Email:  Success after 0 loop(s)
Aug 24, 2015 2:47:17 PM base.LoadFile main
INFO: Running Legal Libs
Aug 24, 2015 2:47:22 PM base.LoadFile main
INFO: Status of Email:  Success after 0 loop(s)
Aug 24, 2015 2:52:39 PM base.LoadFile main
INFO: Running Legal Libs
Aug 24, 2015 2:52:43 PM base.LoadFile main
INFO: Status of Email:  Success after 0 loop(s)
Aug 24, 2015 2:55:52 PM base.LoadFile main
INFO: Running Legal Libs
Aug 24, 2015 2:55:56 PM base.LoadFile main
INFO: Status of Email:  Success after 0 loop(s)
Aug 24, 2015 2:58:36 PM base.LoadFile main
INFO: Running Legal Libs
Aug 24, 2015 2:58:40 PM base.LoadFile main
INFO: Status of Email:  Success after 0 loop(s)
Aug 24, 2015 3:18:14 PM base.LoadFile main
INFO: Running Legal Libs
Aug 24, 2015 3:18:19 PM base.LoadFile main
INFO: Status of Email:  Success after 0 loop(s)
Aug 25, 2015 12:14:25 PM base.LoadFile main
INFO: Running Legal Libs
Aug 25, 2015 12:14:29 PM base.LoadFile main
INFO: Status of Email:  Success after 0 loop(s)
Aug 25, 2015 12:44:58 PM base.LoadFile main
INFO: Running Legal Libs
Aug 25, 2015 12:45:03 PM base.LoadFile main
INFO: Status of Email:  Success after 0 loop(s)
Aug 25, 2015 12:49:07 PM base.LoadFile main
INFO: Running Legal Libs
Aug 25, 2015 12:49:12 PM base.LoadFile main
INFO: Status of Email:  Success after 0 loop(s)
Aug 25, 2015 12:50:14 PM base.LoadFile main
INFO: Running Legal Libs
Aug 25, 2015 12:50:18 PM base.LoadFile main
INFO: Status of Email:  Success after 0 loop(s)
Aug 25, 2015 12:55:59 PM base.LoadFile main
INFO: Running Legal Libs
Aug 25, 2015 12:56:03 PM base.LoadFile main
INFO: Status of Email:  Success after 0 loop(s)
Aug 25, 2015 12:59:09 PM base.LoadFile main
INFO: Running Legal Libs
Aug 25, 2015 12:59:14 PM base.LoadFile main
INFO: Status of Email:  Success after 0 loop(s)
Aug 25, 2015 1:00:59 PM base.LoadFile main
INFO: Running Legal Libs
Aug 25, 2015 1:01:03 PM base.LoadFile main
INFO: Status of Email:  Success after 0 loop(s)
Aug 25, 2015 1:08:41 PM base.LoadFile main
INFO: Running Legal Libs
Aug 25, 2015 1:08:49 PM base.LoadFile main
INFO: Status of Email:  Success after 0 loop(s)
Aug 25, 2015 1:09:48 PM base.LoadFile main
INFO: Running Legal Libs
Aug 25, 2015 1:09:53 PM base.LoadFile main
INFO: Status of Email:  Success after 0 loop(s)
Aug 25, 2015 1:15:20 PM base.LoadFile main
INFO: Running Legal Libs
Aug 25, 2015 1:15:25 PM base.LoadFile main
INFO: Status of Email:  Success after 0 loop(s)
Aug 25, 2015 1:21:50 PM base.LoadFile main
INFO: Running Legal Libs
Aug 25, 2015 1:21:55 PM base.LoadFile main
INFO: Status of Email:  Success after 0 loop(s)
Aug 25, 2015 1:23:54 PM base.LoadFile main
INFO: Running Legal Libs
Aug 25, 2015 1:23:58 PM base.LoadFile main
INFO: Status of Email:  Success after 0 loop(s)
Aug 25, 2015 1:27:55 PM base.LoadFile main
INFO: Running Legal Libs
Aug 25, 2015 1:28:00 PM base.LoadFile main
INFO: Status of Email:  Success after 0 loop(s)
Aug 25, 2015 2:46:56 PM base.LoadFile main
INFO: Running Legal Libs
Aug 25, 2015 2:47:01 PM base.LoadFile main
INFO: Status of Email:  Success after 0 loop(s)
Aug 26, 2015 9:33:38 AM base.LoadFile main
INFO: Running Legal Libs
Aug 26, 2015 9:33:44 AM base.LoadFile main
INFO: Status of Email:  Success after 0 loop(s)
Aug 26, 2015 9:37:23 AM base.LoadFile main
INFO: Running Legal Libs
Aug 26, 2015 9:37:31 AM base.LoadFile main
INFO: Status of Email:  Success after 0 loop(s)
Aug 26, 2015 9:43:48 AM base.LoadFile main
INFO: Running Legal Libs
Aug 26, 2015 9:43:53 AM base.LoadFile main
INFO: Status of Email:  Success after 0 loop(s)
Aug 26, 2015 11:22:40 AM base.LoadFile main
INFO: Running Legal Libs
Aug 26, 2015 11:22:45 AM base.LoadFile main
INFO: Status of Email:  Success after 0 loop(s)
Aug 26, 2015 12:12:45 PM base.LoadFile main
INFO: Running Legal Libs
Aug 26, 2015 12:12:49 PM base.LoadFile main
INFO: Status of Email:  Success after 0 loop(s)
Aug 26, 2015 2:27:49 PM base.LoadFile main
INFO: Running Legal Libs
Aug 26, 2015 2:27:53 PM base.LoadFile main
INFO: Status of Email:  Success after 0 loop(s)
Aug 26, 2015 2:55:53 PM base.LoadFile main
INFO: Running Legal Libs
Aug 26, 2015 2:55:58 PM base.LoadFile main
INFO: Status of Email:  Success after 0 loop(s)
Aug 26, 2015 3:40:15 PM base.LoadFile main
INFO: Running Legal Libs
Aug 26, 2015 3:40:19 PM base.LoadFile main
INFO: Status of Email:  Success after 0 loop(s)
Aug 28, 2015 9:00:23 AM base.LoadFile main
INFO: Running Legal Libs
Aug 28, 2015 9:06:38 AM base.LoadFile main
INFO: Running Legal Libs
Aug 28, 2015 9:06:43 AM base.LoadFile main
INFO: Status of Email:  Success after 0 loop(s)
Aug 28, 2015 11:13:10 AM base.LoadFile main
INFO: Running Legal Libs
Aug 28, 2015 11:13:15 AM base.LoadFile main
INFO: Status of Email:  Success after 0 loop(s)
Aug 28, 2015 11:17:05 AM base.LoadFile main
INFO: Running Legal Libs
Aug 28, 2015 11:17:10 AM base.LoadFile main
INFO: Status of Email:  Success after 0 loop(s)
Aug 28, 2015 12:05:58 PM base.LoadFile main
INFO: Running Legal Libs
Aug 28, 2015 12:06:04 PM base.LoadFile main
INFO: Status of Email:  Success after 0 loop(s)
Aug 28, 2015 12:49:49 PM base.LoadFile main
INFO: Running Legal Libs
Aug 28, 2015 12:49:55 PM base.LoadFile main
INFO: Status of Email:  Success after 0 loop(s)
Aug 28, 2015 1:07:54 PM base.LoadFile main
INFO: Running Legal Libs
Aug 28, 2015 1:08:00 PM base.LoadFile main
INFO: Status of Email:  Success after 0 loop(s)
Aug 28, 2015 1:09:59 PM base.LoadFile main
INFO: Running Legal Libs
Aug 28, 2015 1:10:05 PM base.LoadFile main
INFO: Status of Email:  Success after 0 loop(s)
Aug 28, 2015 2:42:39 PM base.LoadFile main
INFO: Running Legal Libs
Aug 28, 2015 2:42:45 PM base.LoadFile main
INFO: Status of Email:  Success after 0 loop(s)
Aug 28, 2015 2:56:47 PM base.LoadFile main
INFO: Running Legal Libs
Aug 28, 2015 2:56:53 PM base.LoadFile main
INFO: Status of Email:  Success after 0 loop(s)
Aug 28, 2015 3:16:20 PM base.LoadFile main
INFO: Running Legal Libs
Aug 28, 2015 3:16:25 PM base.LoadFile main
INFO: Status of Email:  Success after 0 loop(s)
Aug 28, 2015 3:32:54 PM base.LoadFile main
INFO: Running Legal Libs
Aug 28, 2015 3:33:09 PM base.LoadFile main
INFO: Running Legal Libs
Aug 28, 2015 3:33:15 PM base.LoadFile main
INFO: Status of Email:  Success after 0 loop(s)
Aug 28, 2015 3:42:06 PM base.LoadFile main
INFO: Running Legal Libs
Aug 28, 2015 3:42:12 PM base.LoadFile main
INFO: Status of Email:  Success after 0 loop(s)
Aug 31, 2015 12:01:12 PM base.LoadFile main
INFO: Running Legal Libs
Aug 31, 2015 12:01:20 PM base.LoadFile main
INFO: Status of Email:  Success after 0 loop(s)
Aug 31, 2015 12:40:37 PM base.LoadFile main
INFO: Running Legal Libs
Aug 31, 2015 12:40:42 PM base.LoadFile main
INFO: Status of Email:  Success after 0 loop(s)
Aug 31, 2015 12:56:04 PM base.LoadFile main
INFO: Running Legal Libs
Aug 31, 2015 12:56:10 PM base.LoadFile main
INFO: Status of Email:  Success after 0 loop(s)
Aug 31, 2015 1:00:38 PM base.LoadFile main
INFO: Running Legal Libs
Aug 31, 2015 1:00:44 PM base.LoadFile main
INFO: Status of Email:  Success after 0 loop(s)
Aug 31, 2015 1:08:15 PM base.LoadFile main
INFO: Running Legal Libs
Aug 31, 2015 1:08:21 PM base.LoadFile main
INFO: Status of Email:  Success after 0 loop(s)
Aug 31, 2015 1:10:19 PM base.LoadFile main
INFO: Running Legal Libs
Aug 31, 2015 1:10:25 PM base.LoadFile main
INFO: Status of Email:  Success after 0 loop(s)
Aug 31, 2015 1:12:33 PM base.LoadFile main
INFO: Running Legal Libs
Aug 31, 2015 1:12:39 PM base.LoadFile main
INFO: Status of Email:  Success after 0 loop(s)
Aug 31, 2015 1:16:14 PM base.LoadFile main
INFO: Running Legal Libs
Aug 31, 2015 1:16:20 PM base.LoadFile main
INFO: Status of Email:  Success after 0 loop(s)
Aug 31, 2015 3:23:36 PM base.LoadFile main
INFO: Running Legal Libs
Aug 31, 2015 3:23:42 PM base.LoadFile main
INFO: Status of Email:  Success after 0 loop(s)
Aug 31, 2015 3:24:14 PM base.LoadFile main
INFO: Running Legal Libs
Aug 31, 2015 3:24:21 PM base.LoadFile main
INFO: Status of Email:  Success after 0 loop(s)
Aug 31, 2015 3:27:15 PM base.LoadFile main
INFO: Running Legal Libs
Aug 31, 2015 3:28:31 PM base.LoadFile main
INFO: Status of Email:  Success after 0 loop(s)
Aug 31, 2015 3:29:59 PM base.LoadFile main
INFO: Running Legal Libs
Sep 01, 2015 9:50:44 AM base.LoadFile main
INFO: Running Legal Libs
Sep 01, 2015 9:50:51 AM base.LoadFile main
INFO: Status of Email:  Success after 0 loop(s)
Sep 01, 2015 10:06:31 AM base.LoadFile main
INFO: Running Legal Libs
Sep 01, 2015 10:06:42 AM base.LoadFile main
INFO: Status of Email:  Success after 0 loop(s)
Sep 01, 2015 12:02:01 PM base.LoadFile main
INFO: Running Legal Libs
Sep 01, 2015 12:02:10 PM base.LoadFile main
INFO: Status of Email:  Success after 0 loop(s)
Sep 01, 2015 12:08:24 PM base.LoadFile main
INFO: Running Legal Libs
Sep 01, 2015 12:08:33 PM base.LoadFile main
INFO: Status of Email:  Success after 0 loop(s)
Sep 01, 2015 12:15:57 PM base.LoadFile main
INFO: Running Legal Libs
Sep 01, 2015 12:16:07 PM base.LoadFile main
INFO: Status of Email:  Success after 0 loop(s)
Sep 01, 2015 12:23:28 PM base.LoadFile main
INFO: Running Legal Libs
Sep 01, 2015 12:23:38 PM base.LoadFile main
INFO: Status of Email:  Success after 0 loop(s)
Sep 01, 2015 12:33:24 PM base.LoadFile main
INFO: Running Legal Libs
Sep 01, 2015 12:33:34 PM base.LoadFile main
INFO: Status of Email:  Success after 0 loop(s)
Sep 01, 2015 2:49:19 PM base.LoadFile main
INFO: Running Legal Libs
Sep 01, 2015 2:49:24 PM base.LoadFile main
INFO: Status of Email:  Success after 0 loop(s)
Sep 02, 2015 10:12:51 AM base.LoadFile main
INFO: Running Legal Libs
Sep 02, 2015 10:12:56 AM base.LoadFile main
INFO: Status of Email:  Success after 0 loop(s)
Sep 02, 2015 10:55:13 AM base.LoadFile main
INFO: Running Legal Libs
Sep 02, 2015 10:55:17 AM base.LoadFile main
INFO: Status of Email:  Success after 0 loop(s)
Sep 17, 2015 10:33:08 AM base.LoadFile main
INFO: Running Legal Libs
Sep 17, 2015 10:33:15 AM base.LoadFile main
INFO: Status of Email:  Success after 0 loop(s)
Sep 17, 2015 11:05:06 AM base.LoadFile main
INFO: Running Legal Libs
Sep 17, 2015 11:05:11 AM base.LoadFile main
INFO: Status of Email:  Success after 0 loop(s)
Sep 17, 2015 11:22:58 AM base.LoadFile main
INFO: Running Legal Libs
Sep 17, 2015 11:23:02 AM base.LoadFile main
INFO: Status of Email:  Success after 0 loop(s)
Sep 18, 2015 12:07:26 PM base.LoadFile main
INFO: Running Legal Libs
Sep 18, 2015 12:07:31 PM base.LoadFile main
INFO: Status of Email:  Success after 0 loop(s)
Sep 23, 2015 10:53:07 AM base.LoadFile main
INFO: Running Legal Libs
Sep 23, 2015 11:00:09 AM base.LoadFile main
INFO: Running Legal Libs
Sep 23, 2015 11:00:49 AM base.LoadFile main
INFO: Status of Email:  Success after 0 loop(s)
Sep 23, 2015 11:32:04 AM base.LoadFile main
INFO: Running Legal Libs
Sep 23, 2015 11:32:47 AM base.LoadFile main
INFO: Status of Email:  Success after 0 loop(s)
Sep 23, 2015 11:36:00 AM base.LoadFile main
INFO: Running Legal Libs
Sep 23, 2015 11:36:44 AM base.LoadFile main
INFO: Status of Email:  Success after 0 loop(s)
Apr 26, 2016 10:46:19 AM base.LoadFile main
INFO: Running Legal Libs
Apr 26, 2016 11:28:12 AM base.LoadFile main
INFO: Running Legal Libs
Apr 26, 2016 11:28:27 AM base.LoadFile main
INFO: Running Legal Libs
Apr 26, 2016 11:28:37 AM base.LoadFile main
INFO: Running Legal Libs
Apr 26, 2016 11:29:02 AM base.LoadFile main
INFO: Running Legal Libs
Jun 28, 2016 9:56:35 AM base.LoadFile main
INFO: Running Legal Libs
Jun 28, 2016 10:07:01 AM base.LoadFile main
INFO: Running Legal Libs
Sep 06, 2016 11:35:36 AM base.LoadFile main
INFO: Running Legal Libs
Sep 06, 2016 2:27:32 PM base.LoadFile main
INFO: Running Legal Libs
Sep 15, 2016 2:54:29 PM base.LoadFile main
INFO: Running CMFT
Sep 15, 2016 3:01:32 PM base.LoadFile main
INFO: Running Legal Libs
Sep 16, 2016 3:29:19 PM base.LoadFile main
INFO: Running Legal Libs
Sep 16, 2016 3:32:57 PM base.LoadFile main
INFO: Running Legal Libs
Sep 16, 2016 3:43:35 PM base.LoadFile main
INFO: Running Legal Libs
Nov 03, 2021 12:35:57 PM base.LoadFile main
INFO: Running Legal Libs
Nov 03, 2021 12:47:01 PM base.LoadFile main
INFO: Running Legal Libs
Nov 03, 2021 1:40:06 PM base.LoadFile main
INFO: Running Legal Libs
Nov 03, 2021 4:29:16 PM base.LoadFile main
INFO: Running Legal Libs
May 13, 2026 8:34:25 AM base.LoadFile main
INFO: Running Legal Libs
May 13, 2026 8:34:25 AM base.LoadFile main
SEVERE: Database connection failed
java.sql.SQLException: Oracle JDBC driver not found. Add ojdbc to the classpath (e.g., ojdbc8/ojdbc11).
	at base.DbConn.getConnection(DbConn.java:87)
	at base.LoadFile.main(LoadFile.java:110)
Caused by: java.lang.ClassNotFoundException: oracle.jdbc.OracleDriver
	at java.base/jdk.internal.loader.BuiltinClassLoader.loadClass(BuiltinClassLoader.java:641)
	at java.base/jdk.internal.loader.ClassLoaders$AppClassLoader.loadClass(ClassLoaders.java:188)
	at java.base/java.lang.ClassLoader.loadClass(ClassLoader.java:526)
	at java.base/java.lang.Class.forName0(Native Method)
	at java.base/java.lang.Class.forName(Class.java:421)
	at java.base/java.lang.Class.forName(Class.java:412)
	at base.DbConn.getConnection(DbConn.java:85)
	... 1 more

May 13, 2026 8:37:42 AM base.LoadFile main
INFO: Running Legal Libs
May 13, 2026 8:37:46 AM base.LoadFile processStaticTemplates
SEVERE: ProcessBase failed for template Closing Memo EEOC.rtf
java.lang.NullPointerException: Cannot invoke "java.sql.Connection.createStatement()" because "base.DbConn.dbCon" is null
	at base.DbConn.execSQL(DbConn.java:186)
	at base.ProcessBase.loadSubstitutions(ProcessBase.java:83)
	at base.ProcessBase.process(ProcessBase.java:55)
	at base.LoadFile.processStaticTemplates(LoadFile.java:328)
	at base.LoadFile.processMatters(LoadFile.java:140)
	at base.LoadFile.main(LoadFile.java:111)

May 13, 2026 8:37:46 AM base.LoadFile processStaticTemplates
SEVERE: ProcessBase failed for template Discovery - 10-Day Letter re No Discovery Responses.rtf
java.lang.NullPointerException: Cannot invoke "java.sql.Connection.createStatement()" because "base.DbConn.dbCon" is null
	at base.DbConn.execSQL(DbConn.java:186)
	at base.ProcessBase.loadSubstitutions(ProcessBase.java:83)
	at base.ProcessBase.process(ProcessBase.java:55)
	at base.LoadFile.processStaticTemplates(LoadFile.java:328)
	at base.LoadFile.processMatters(LoadFile.java:140)
	at base.LoadFile.main(LoadFile.java:111)

May 13, 2026 8:37:46 AM base.LoadFile processStaticTemplates
SEVERE: ProcessBase failed for template Discovery - Agency Deficiency Letter.rtf
java.lang.NullPointerException: Cannot invoke "java.sql.Connection.createStatement()" because "base.DbConn.dbCon" is null
	at base.DbConn.execSQL(DbConn.java:186)
	at base.ProcessBase.loadSubstitutions(ProcessBase.java:83)
	at base.ProcessBase.process(ProcessBase.java:55)
	at base.LoadFile.processStaticTemplates(LoadFile.java:328)
	at base.LoadFile.processMatters(LoadFile.java:140)
	at base.LoadFile.main(LoadFile.java:111)

May 13, 2026 8:37:46 AM base.LoadFile processStaticTemplates
SEVERE: ProcessBase failed for template Discovery - Agency's Standard Discovery Responses.rtf
java.lang.NullPointerException: Cannot invoke "java.sql.Connection.createStatement()" because "base.DbConn.dbCon" is null
	at base.DbConn.execSQL(DbConn.java:186)
	at base.ProcessBase.loadSubstitutions(ProcessBase.java:83)
	at base.ProcessBase.process(ProcessBase.java:55)
	at base.LoadFile.processStaticTemplates(LoadFile.java:328)
	at base.LoadFile.processMatters(LoadFile.java:140)
	at base.LoadFile.main(LoadFile.java:111)

May 13, 2026 8:37:47 AM base.LoadFile processStaticTemplates
SEVERE: ProcessBase failed for template Discovery - Agency's Standard Medical Release Forms for Discovery.rtf
java.lang.NullPointerException: Cannot invoke "java.sql.Connection.createStatement()" because "base.DbConn.dbCon" is null
	at base.DbConn.execSQL(DbConn.java:186)
	at base.ProcessBase.loadSubstitutions(ProcessBase.java:83)
	at base.ProcessBase.process(ProcessBase.java:55)
	at base.LoadFile.processStaticTemplates(LoadFile.java:328)
	at base.LoadFile.processMatters(LoadFile.java:140)
	at base.LoadFile.main(LoadFile.java:111)

May 13, 2026 8:37:47 AM base.LoadFile processStaticTemplates
SEVERE: ProcessBase failed for template Discovery - Agency's Standard Written Discovery w Medical Forms.rtf
java.lang.NullPointerException: Cannot invoke "java.sql.Connection.createStatement()" because "base.DbConn.dbCon" is null
	at base.DbConn.execSQL(DbConn.java:186)
	at base.ProcessBase.loadSubstitutions(ProcessBase.java:83)
	at base.ProcessBase.process(ProcessBase.java:55)
	at base.LoadFile.processStaticTemplates(LoadFile.java:328)
	at base.LoadFile.processMatters(LoadFile.java:140)
	at base.LoadFile.main(LoadFile.java:111)

May 13, 2026 8:37:47 AM base.LoadFile processStaticTemplates
SEVERE: ProcessBase failed for template Discovery - Agency's Standard Written Discovery w-o Medical Forms.rtf
java.lang.NullPointerException: Cannot invoke "java.sql.Connection.createStatement()" because "base.DbConn.dbCon" is null
	at base.DbConn.execSQL(DbConn.java:186)
	at base.ProcessBase.loadSubstitutions(ProcessBase.java:83)
	at base.ProcessBase.process(ProcessBase.java:55)
	at base.LoadFile.processStaticTemplates(LoadFile.java:328)
	at base.LoadFile.processMatters(LoadFile.java:140)
	at base.LoadFile.main(LoadFile.java:111)

May 13, 2026 8:37:48 AM base.LoadFile processStaticTemplates
SEVERE: ProcessBase failed for template Discovery - Cover letter for med records.rtf
java.lang.NullPointerException: Cannot invoke "java.sql.Connection.createStatement()" because "base.DbConn.dbCon" is null
	at base.DbConn.execSQL(DbConn.java:186)
	at base.ProcessBase.loadSubstitutions(ProcessBase.java:83)
	at base.ProcessBase.process(ProcessBase.java:55)
	at base.LoadFile.processStaticTemplates(LoadFile.java:328)
	at base.LoadFile.processMatters(LoadFile.java:140)
	at base.LoadFile.main(LoadFile.java:111)

May 13, 2026 8:37:48 AM base.LoadFile processStaticTemplates
SEVERE: ProcessBase failed for template WO202410109_Discovery - OWCP Release Request.rtf
java.lang.NullPointerException: Cannot invoke "java.sql.Connection.createStatement()" because "base.DbConn.dbCon" is null
	at base.DbConn.execSQL(DbConn.java:186)
	at base.ProcessBase.loadSubstitutions(ProcessBase.java:83)
	at base.ProcessBase.process(ProcessBase.java:55)
	at base.LoadFile.processStaticTemplates(LoadFile.java:328)
	at base.LoadFile.processMatters(LoadFile.java:140)
	at base.LoadFile.main(LoadFile.java:111)

May 13, 2026 8:37:48 AM base.LoadFile processStaticTemplates
SEVERE: ProcessBase failed for template Discovery - OWCP Release Request.rtf
java.lang.NullPointerException: Cannot invoke "java.sql.Connection.createStatement()" because "base.DbConn.dbCon" is null
	at base.DbConn.execSQL(DbConn.java:186)
	at base.ProcessBase.loadSubstitutions(ProcessBase.java:83)
	at base.ProcessBase.process(ProcessBase.java:55)
	at base.LoadFile.processStaticTemplates(LoadFile.java:328)
	at base.LoadFile.processMatters(LoadFile.java:140)
	at base.LoadFile.main(LoadFile.java:111)

May 13, 2026 8:37:49 AM base.LoadFile processStaticTemplates
SEVERE: ProcessBase failed for template Discovery - OWCP Release Request.rtf
java.lang.NullPointerException: Cannot invoke "java.sql.Connection.createStatement()" because "base.DbConn.dbCon" is null
	at base.DbConn.execSQL(DbConn.java:186)
	at base.ProcessBase.loadSubstitutions(ProcessBase.java:83)
	at base.ProcessBase.process(ProcessBase.java:55)
	at base.LoadFile.processStaticTemplates(LoadFile.java:328)
	at base.LoadFile.processMatters(LoadFile.java:140)
	at base.LoadFile.main(LoadFile.java:111)

May 13, 2026 8:37:49 AM base.LoadFile processStaticTemplates
SEVERE: ProcessBase failed for template Discovery - OWCP Release Request.rtf
java.lang.NullPointerException: Cannot invoke "java.sql.Connection.createStatement()" because "base.DbConn.dbCon" is null
	at base.DbConn.execSQL(DbConn.java:186)
	at base.ProcessBase.loadSubstitutions(ProcessBase.java:83)
	at base.ProcessBase.process(ProcessBase.java:55)
	at base.LoadFile.processStaticTemplates(LoadFile.java:328)
	at base.LoadFile.processMatters(LoadFile.java:140)
	at base.LoadFile.main(LoadFile.java:111)

May 13, 2026 8:37:49 AM base.LoadFile processStaticTemplates
SEVERE: ProcessBase failed for template Discovery - OWCP Release Request.rtf
java.lang.NullPointerException: Cannot invoke "java.sql.Connection.createStatement()" because "base.DbConn.dbCon" is null
	at base.DbConn.execSQL(DbConn.java:186)
	at base.ProcessBase.loadSubstitutions(ProcessBase.java:83)
	at base.ProcessBase.process(ProcessBase.java:55)
	at base.LoadFile.processStaticTemplates(LoadFile.java:328)
	at base.LoadFile.processMatters(LoadFile.java:140)
	at base.LoadFile.main(LoadFile.java:111)

May 13, 2026 8:37:50 AM base.LoadFile processStaticTemplates
SEVERE: ProcessBase failed for template Discovery - Standard Depo Notice.rtf
java.lang.NullPointerException: Cannot invoke "java.sql.Connection.createStatement()" because "base.DbConn.dbCon" is null
	at base.DbConn.execSQL(DbConn.java:186)
	at base.ProcessBase.loadSubstitutions(ProcessBase.java:83)
	at base.ProcessBase.process(ProcessBase.java:55)
	at base.LoadFile.processStaticTemplates(LoadFile.java:328)
	at base.LoadFile.processMatters(LoadFile.java:140)
	at base.LoadFile.main(LoadFile.java:111)

May 13, 2026 8:37:50 AM base.LoadFile processStaticTemplates
SEVERE: ProcessBase failed for template Discovery - [FOR SF USE ONLY] - Agency's Standard Medical Release Forms for Discovery.rtf
java.lang.NullPointerException: Cannot invoke "java.sql.Connection.createStatement()" because "base.DbConn.dbCon" is null
	at base.DbConn.execSQL(DbConn.java:186)
	at base.ProcessBase.loadSubstitutions(ProcessBase.java:83)
	at base.ProcessBase.process(ProcessBase.java:55)
	at base.LoadFile.processStaticTemplates(LoadFile.java:328)
	at base.LoadFile.processMatters(LoadFile.java:140)
	at base.LoadFile.main(LoadFile.java:111)

May 13, 2026 8:37:50 AM base.LoadFile processStaticTemplates
SEVERE: ProcessBase failed for template Discovery - [FOR SF USE ONLY] - Agency's Standard Written Discovery w Medical Forms.rtf
java.lang.NullPointerException: Cannot invoke "java.sql.Connection.createStatement()" because "base.DbConn.dbCon" is null
	at base.DbConn.execSQL(DbConn.java:186)
	at base.ProcessBase.loadSubstitutions(ProcessBase.java:83)
	at base.ProcessBase.process(ProcessBase.java:55)
	at base.LoadFile.processStaticTemplates(LoadFile.java:328)
	at base.LoadFile.processMatters(LoadFile.java:140)
	at base.LoadFile.main(LoadFile.java:111)

May 13, 2026 8:37:51 AM base.LoadFile processStaticTemplates
SEVERE: ProcessBase failed for template Fax Cover Sheet - AJ.rtf
java.lang.NullPointerException: Cannot invoke "java.sql.Connection.createStatement()" because "base.DbConn.dbCon" is null
	at base.DbConn.execSQL(DbConn.java:186)
	at base.ProcessBase.loadSubstitutions(ProcessBase.java:83)
	at base.ProcessBase.process(ProcessBase.java:55)
	at base.LoadFile.processStaticTemplates(LoadFile.java:328)
	at base.LoadFile.processMatters(LoadFile.java:140)
	at base.LoadFile.main(LoadFile.java:111)

May 13, 2026 8:37:51 AM base.LoadFile processStaticTemplates
SEVERE: ProcessBase failed for template Fax Cover Sheet - Rep.rtf
java.lang.NullPointerException: Cannot invoke "java.sql.Connection.createStatement()" because "base.DbConn.dbCon" is null
	at base.DbConn.execSQL(DbConn.java:186)
	at base.ProcessBase.loadSubstitutions(ProcessBase.java:83)
	at base.ProcessBase.process(ProcessBase.java:55)
	at base.LoadFile.processStaticTemplates(LoadFile.java:328)
	at base.LoadFile.processMatters(LoadFile.java:140)
	at base.LoadFile.main(LoadFile.java:111)

May 13, 2026 8:37:51 AM base.LoadFile processStaticTemplates
SEVERE: ProcessBase failed for template Master Letterhead to AJ.rtf
java.lang.NullPointerException: Cannot invoke "java.sql.Connection.createStatement()" because "base.DbConn.dbCon" is null
	at base.DbConn.execSQL(DbConn.java:186)
	at base.ProcessBase.loadSubstitutions(ProcessBase.java:83)
	at base.ProcessBase.process(ProcessBase.java:55)
	at base.LoadFile.processStaticTemplates(LoadFile.java:328)
	at base.LoadFile.processMatters(LoadFile.java:140)
	at base.LoadFile.main(LoadFile.java:111)

May 13, 2026 8:37:52 AM base.LoadFile processStaticTemplates
SEVERE: ProcessBase failed for template Master Letterhead to Comp.rtf
java.lang.NullPointerException: Cannot invoke "java.sql.Connection.createStatement()" because "base.DbConn.dbCon" is null
	at base.DbConn.execSQL(DbConn.java:186)
	at base.ProcessBase.loadSubstitutions(ProcessBase.java:83)
	at base.ProcessBase.process(ProcessBase.java:55)
	at base.LoadFile.processStaticTemplates(LoadFile.java:328)
	at base.LoadFile.processMatters(LoadFile.java:140)
	at base.LoadFile.main(LoadFile.java:111)

May 13, 2026 8:37:52 AM base.LoadFile processStaticTemplates
SEVERE: ProcessBase failed for template Master Letterhead to Rep.rtf
java.lang.NullPointerException: Cannot invoke "java.sql.Connection.createStatement()" because "base.DbConn.dbCon" is null
	at base.DbConn.execSQL(DbConn.java:186)
	at base.ProcessBase.loadSubstitutions(ProcessBase.java:83)
	at base.ProcessBase.process(ProcessBase.java:55)
	at base.LoadFile.processStaticTemplates(LoadFile.java:328)
	at base.LoadFile.processMatters(LoadFile.java:140)
	at base.LoadFile.main(LoadFile.java:111)

May 13, 2026 8:37:52 AM base.LoadFile processStaticTemplates
SEVERE: ProcessBase failed for template OWCP Records Authorization.rtf
java.lang.NullPointerException: Cannot invoke "java.sql.Connection.createStatement()" because "base.DbConn.dbCon" is null
	at base.DbConn.execSQL(DbConn.java:186)
	at base.ProcessBase.loadSubstitutions(ProcessBase.java:83)
	at base.ProcessBase.process(ProcessBase.java:55)
	at base.LoadFile.processStaticTemplates(LoadFile.java:328)
	at base.LoadFile.processMatters(LoadFile.java:140)
	at base.LoadFile.main(LoadFile.java:111)

May 13, 2026 8:37:53 AM base.LoadFile processStaticTemplates
SEVERE: ProcessBase failed for template Pleadings - Agency's Designation of Rep.rtf
java.lang.NullPointerException: Cannot invoke "java.sql.Connection.createStatement()" because "base.DbConn.dbCon" is null
	at base.DbConn.execSQL(DbConn.java:186)
	at base.ProcessBase.loadSubstitutions(ProcessBase.java:83)
	at base.ProcessBase.process(ProcessBase.java:55)
	at base.LoadFile.processStaticTemplates(LoadFile.java:328)
	at base.LoadFile.processMatters(LoadFile.java:140)
	at base.LoadFile.main(LoadFile.java:111)

May 13, 2026 8:37:53 AM base.LoadFile processStaticTemplates
SEVERE: ProcessBase failed for template Pleadings - Agency's Motion to Compel - Proposed Order.rtf
java.lang.NullPointerException: Cannot invoke "java.sql.Connection.createStatement()" because "base.DbConn.dbCon" is null
	at base.DbConn.execSQL(DbConn.java:186)
	at base.ProcessBase.loadSubstitutions(ProcessBase.java:83)
	at base.ProcessBase.process(ProcessBase.java:55)
	at base.LoadFile.processStaticTemplates(LoadFile.java:328)
	at base.LoadFile.processMatters(LoadFile.java:140)
	at base.LoadFile.main(LoadFile.java:111)

May 13, 2026 8:37:53 AM base.LoadFile processStaticTemplates
SEVERE: ProcessBase failed for template Pleadings - Agency's Motion to Compel.rtf
java.lang.NullPointerException: Cannot invoke "java.sql.Connection.createStatement()" because "base.DbConn.dbCon" is null
	at base.DbConn.execSQL(DbConn.java:186)
	at base.ProcessBase.loadSubstitutions(ProcessBase.java:83)
	at base.ProcessBase.process(ProcessBase.java:55)
	at base.LoadFile.processStaticTemplates(LoadFile.java:328)
	at base.LoadFile.processMatters(LoadFile.java:140)
	at base.LoadFile.main(LoadFile.java:111)

May 13, 2026 8:37:53 AM base.LoadFile processStaticTemplates
SEVERE: ProcessBase failed for template Pleadings - Agency's Opposition to Appeal (No Brief by Complainant).rtf
java.lang.NullPointerException: Cannot invoke "java.sql.Connection.createStatement()" because "base.DbConn.dbCon" is null
	at base.DbConn.execSQL(DbConn.java:186)
	at base.ProcessBase.loadSubstitutions(ProcessBase.java:83)
	at base.ProcessBase.process(ProcessBase.java:55)
	at base.LoadFile.processStaticTemplates(LoadFile.java:328)
	at base.LoadFile.processMatters(LoadFile.java:140)
	at base.LoadFile.main(LoadFile.java:111)

May 13, 2026 8:37:54 AM base.LoadFile processStaticTemplates
SEVERE: ProcessBase failed for template Pleadings - Agency's Substitution Letter.rtf
java.lang.NullPointerException: Cannot invoke "java.sql.Connection.createStatement()" because "base.DbConn.dbCon" is null
	at base.DbConn.execSQL(DbConn.java:186)
	at base.ProcessBase.loadSubstitutions(ProcessBase.java:83)
	at base.ProcessBase.process(ProcessBase.java:55)
	at base.LoadFile.processStaticTemplates(LoadFile.java:328)
	at base.LoadFile.processMatters(LoadFile.java:140)
	at base.LoadFile.main(LoadFile.java:111)

May 13, 2026 8:37:54 AM base.LoadFile processStaticTemplates
SEVERE: ProcessBase failed for template Pleadings - Certificate of Service.rtf
java.lang.NullPointerException: Cannot invoke "java.sql.Connection.createStatement()" because "base.DbConn.dbCon" is null
	at base.DbConn.execSQL(DbConn.java:186)
	at base.ProcessBase.loadSubstitutions(ProcessBase.java:83)
	at base.ProcessBase.process(ProcessBase.java:55)
	at base.LoadFile.processStaticTemplates(LoadFile.java:328)
	at base.LoadFile.processMatters(LoadFile.java:140)
	at base.LoadFile.main(LoadFile.java:111)

May 13, 2026 8:37:54 AM base.LoadFile processStaticTemplates
SEVERE: ProcessBase failed for template Pleadings - LAMP - FAX ONLY.rtf
java.lang.NullPointerException: Cannot invoke "java.sql.Connection.createStatement()" because "base.DbConn.dbCon" is null
	at base.DbConn.execSQL(DbConn.java:186)
	at base.ProcessBase.loadSubstitutions(ProcessBase.java:83)
	at base.ProcessBase.process(ProcessBase.java:55)
	at base.LoadFile.processStaticTemplates(LoadFile.java:328)
	at base.LoadFile.processMatters(LoadFile.java:140)
	at base.LoadFile.main(LoadFile.java:111)

May 13, 2026 8:37:55 AM base.LoadFile processStaticTemplates
SEVERE: ProcessBase failed for template Pleadings - Master Caption.rtf
java.lang.NullPointerException: Cannot invoke "java.sql.Connection.createStatement()" because "base.DbConn.dbCon" is null
	at base.DbConn.execSQL(DbConn.java:186)
	at base.ProcessBase.loadSubstitutions(ProcessBase.java:83)
	at base.ProcessBase.process(ProcessBase.java:55)
	at base.LoadFile.processStaticTemplates(LoadFile.java:328)
	at base.LoadFile.processMatters(LoadFile.java:140)
	at base.LoadFile.main(LoadFile.java:111)

May 13, 2026 8:37:55 AM base.LoadFile processStaticTemplates
SEVERE: ProcessBase failed for template Pleadings - PCI Pleading.rtf
java.lang.NullPointerException: Cannot invoke "java.sql.Connection.createStatement()" because "base.DbConn.dbCon" is null
	at base.DbConn.execSQL(DbConn.java:186)
	at base.ProcessBase.loadSubstitutions(ProcessBase.java:83)
	at base.ProcessBase.process(ProcessBase.java:55)
	at base.LoadFile.processStaticTemplates(LoadFile.java:328)
	at base.LoadFile.processMatters(LoadFile.java:140)
	at base.LoadFile.main(LoadFile.java:111)

May 13, 2026 8:37:55 AM base.LoadFile processStaticTemplates
SEVERE: ProcessBase failed for template Pleadings - PCI Submission Form.rtf
java.lang.NullPointerException: Cannot invoke "java.sql.Connection.createStatement()" because "base.DbConn.dbCon" is null
	at base.DbConn.execSQL(DbConn.java:186)
	at base.ProcessBase.loadSubstitutions(ProcessBase.java:83)
	at base.ProcessBase.process(ProcessBase.java:55)
	at base.LoadFile.processStaticTemplates(LoadFile.java:328)
	at base.LoadFile.processMatters(LoadFile.java:140)
	at base.LoadFile.main(LoadFile.java:111)

May 13, 2026 8:37:56 AM base.LoadFile processStaticTemplates
SEVERE: ProcessBase failed for template Pleadings - Proposed Order.rtf
java.lang.NullPointerException: Cannot invoke "java.sql.Connection.createStatement()" because "base.DbConn.dbCon" is null
	at base.DbConn.execSQL(DbConn.java:186)
	at base.ProcessBase.loadSubstitutions(ProcessBase.java:83)
	at base.ProcessBase.process(ProcessBase.java:55)
	at base.LoadFile.processStaticTemplates(LoadFile.java:328)
	at base.LoadFile.processMatters(LoadFile.java:140)
	at base.LoadFile.main(LoadFile.java:111)

May 13, 2026 8:37:56 AM base.LoadFile processStaticTemplates
SEVERE: ProcessBase failed for template Privacy Act Authorization_General (eeoc).rtf
java.lang.NullPointerException: Cannot invoke "java.sql.Connection.createStatement()" because "base.DbConn.dbCon" is null
	at base.DbConn.execSQL(DbConn.java:186)
	at base.ProcessBase.loadSubstitutions(ProcessBase.java:83)
	at base.ProcessBase.process(ProcessBase.java:55)
	at base.LoadFile.processStaticTemplates(LoadFile.java:328)
	at base.LoadFile.processMatters(LoadFile.java:140)
	at base.LoadFile.main(LoadFile.java:111)

May 13, 2026 8:37:56 AM base.LoadFile processStaticTemplates
SEVERE: ProcessBase failed for template PS Form 8041 Request for Settlement Check.rtf
java.lang.NullPointerException: Cannot invoke "java.sql.Connection.createStatement()" because "base.DbConn.dbCon" is null
	at base.DbConn.execSQL(DbConn.java:186)
	at base.ProcessBase.loadSubstitutions(ProcessBase.java:83)
	at base.ProcessBase.process(ProcessBase.java:55)
	at base.LoadFile.processStaticTemplates(LoadFile.java:328)
	at base.LoadFile.processMatters(LoadFile.java:140)
	at base.LoadFile.main(LoadFile.java:111)

May 13, 2026 8:37:57 AM base.LoadFile processStaticTemplates
SEVERE: ProcessBase failed for template Request for Client Docs No Release Obtained.rtf
java.lang.NullPointerException: Cannot invoke "java.sql.Connection.createStatement()" because "base.DbConn.dbCon" is null
	at base.DbConn.execSQL(DbConn.java:186)
	at base.ProcessBase.loadSubstitutions(ProcessBase.java:83)
	at base.ProcessBase.process(ProcessBase.java:55)
	at base.LoadFile.processStaticTemplates(LoadFile.java:328)
	at base.LoadFile.processMatters(LoadFile.java:140)
	at base.LoadFile.main(LoadFile.java:111)

May 13, 2026 8:37:57 AM base.LoadFile processStaticTemplates
SEVERE: ProcessBase failed for template Request for Client Docs.rtf
java.lang.NullPointerException: Cannot invoke "java.sql.Connection.createStatement()" because "base.DbConn.dbCon" is null
	at base.DbConn.execSQL(DbConn.java:186)
	at base.ProcessBase.loadSubstitutions(ProcessBase.java:83)
	at base.ProcessBase.process(ProcessBase.java:55)
	at base.LoadFile.processStaticTemplates(LoadFile.java:328)
	at base.LoadFile.processMatters(LoadFile.java:140)
	at base.LoadFile.main(LoadFile.java:111)

May 13, 2026 8:37:57 AM base.LoadFile processStaticTemplates
SEVERE: ProcessBase failed for template Request for Medical Information.rtf
java.lang.NullPointerException: Cannot invoke "java.sql.Connection.createStatement()" because "base.DbConn.dbCon" is null
	at base.DbConn.execSQL(DbConn.java:186)
	at base.ProcessBase.loadSubstitutions(ProcessBase.java:83)
	at base.ProcessBase.process(ProcessBase.java:55)
	at base.LoadFile.processStaticTemplates(LoadFile.java:328)
	at base.LoadFile.processMatters(LoadFile.java:140)
	at base.LoadFile.main(LoadFile.java:111)

May 13, 2026 8:37:58 AM base.LoadFile processStaticTemplates
SEVERE: ProcessBase failed for template Settlement Agreement and General Release - EEOC (Macro version).rtf
java.lang.NullPointerException: Cannot invoke "java.sql.Connection.createStatement()" because "base.DbConn.dbCon" is null
	at base.DbConn.execSQL(DbConn.java:186)
	at base.ProcessBase.loadSubstitutions(ProcessBase.java:83)
	at base.ProcessBase.process(ProcessBase.java:55)
	at base.LoadFile.processStaticTemplates(LoadFile.java:328)
	at base.LoadFile.processMatters(LoadFile.java:140)
	at base.LoadFile.main(LoadFile.java:111)

May 13, 2026 8:37:58 AM base.LoadFile processStaticTemplates
SEVERE: ProcessBase failed for template Settlement Check Letter.rtf
java.lang.NullPointerException: Cannot invoke "java.sql.Connection.createStatement()" because "base.DbConn.dbCon" is null
	at base.DbConn.execSQL(DbConn.java:186)
	at base.ProcessBase.loadSubstitutions(ProcessBase.java:83)
	at base.ProcessBase.process(ProcessBase.java:55)
	at base.LoadFile.processStaticTemplates(LoadFile.java:328)
	at base.LoadFile.processMatters(LoadFile.java:140)
	at base.LoadFile.main(LoadFile.java:111)

May 13, 2026 8:37:58 AM base.LoadFile processStaticTemplates
SEVERE: ProcessBase failed for template Staff Notes - EEOC Case Summary.rtf
java.lang.NullPointerException: Cannot invoke "java.sql.Connection.createStatement()" because "base.DbConn.dbCon" is null
	at base.DbConn.execSQL(DbConn.java:186)
	at base.ProcessBase.loadSubstitutions(ProcessBase.java:83)
	at base.ProcessBase.process(ProcessBase.java:55)
	at base.LoadFile.processStaticTemplates(LoadFile.java:328)
	at base.LoadFile.processMatters(LoadFile.java:140)
	at base.LoadFile.main(LoadFile.java:111)

May 13, 2026 8:37:59 AM base.LoadFile processStaticTemplates
SEVERE: ProcessBase failed for template Staff Notes - Revised Settlement Authority Briefing Sheet 10K or Less.rtf
java.lang.NullPointerException: Cannot invoke "java.sql.Connection.createStatement()" because "base.DbConn.dbCon" is null
	at base.DbConn.execSQL(DbConn.java:186)
	at base.ProcessBase.loadSubstitutions(ProcessBase.java:83)
	at base.ProcessBase.process(ProcessBase.java:55)
	at base.LoadFile.processStaticTemplates(LoadFile.java:328)
	at base.LoadFile.processMatters(LoadFile.java:140)
	at base.LoadFile.main(LoadFile.java:111)

May 13, 2026 8:37:59 AM base.LoadFile processStaticTemplates
SEVERE: ProcessBase failed for template Staff Notes - Case Closing Form - EEOC.rtf
java.lang.NullPointerException: Cannot invoke "java.sql.Connection.createStatement()" because "base.DbConn.dbCon" is null
	at base.DbConn.execSQL(DbConn.java:186)
	at base.ProcessBase.loadSubstitutions(ProcessBase.java:83)
	at base.ProcessBase.process(ProcessBase.java:55)
	at base.LoadFile.processStaticTemplates(LoadFile.java:328)
	at base.LoadFile.processMatters(LoadFile.java:140)
	at base.LoadFile.main(LoadFile.java:111)

May 13, 2026 8:37:59 AM base.LoadFile processStaticTemplates
SEVERE: ProcessBase failed for template Staff Notes - EEOC Initial Case Review Form.rtf
java.lang.NullPointerException: Cannot invoke "java.sql.Connection.createStatement()" because "base.DbConn.dbCon" is null
	at base.DbConn.execSQL(DbConn.java:186)
	at base.ProcessBase.loadSubstitutions(ProcessBase.java:83)
	at base.ProcessBase.process(ProcessBase.java:55)
	at base.LoadFile.processStaticTemplates(LoadFile.java:328)
	at base.LoadFile.processMatters(LoadFile.java:140)
	at base.LoadFile.main(LoadFile.java:111)

May 13, 2026 8:38:00 AM base.LoadFile processStaticTemplates
SEVERE: ProcessBase failed for template Staff Notes - EEOC Tasking Chart.rtf
java.lang.NullPointerException: Cannot invoke "java.sql.Connection.createStatement()" because "base.DbConn.dbCon" is null
	at base.DbConn.execSQL(DbConn.java:186)
	at base.ProcessBase.loadSubstitutions(ProcessBase.java:83)
	at base.ProcessBase.process(ProcessBase.java:55)
	at base.LoadFile.processStaticTemplates(LoadFile.java:328)
	at base.LoadFile.processMatters(LoadFile.java:140)
	at base.LoadFile.main(LoadFile.java:111)

May 13, 2026 8:40:31 AM base.LoadFile main
INFO: Running Legal Libs
May 13, 2026 8:40:33 AM base.LoadFile processStaticTemplates
SEVERE: ProcessBase failed for template Closing Memo EEOC.rtf
java.lang.NullPointerException: Cannot invoke "java.sql.Connection.createStatement()" because "base.DbConn.dbCon" is null
	at base.DbConn.execSQL(DbConn.java:186)
	at base.ProcessBase.loadSubstitutions(ProcessBase.java:83)
	at base.ProcessBase.process(ProcessBase.java:55)
	at base.LoadFile.processStaticTemplates(LoadFile.java:328)
	at base.LoadFile.processMatters(LoadFile.java:140)
	at base.LoadFile.main(LoadFile.java:111)

May 13, 2026 8:40:34 AM base.LoadFile processStaticTemplates
SEVERE: ProcessBase failed for template Discovery - 10-Day Letter re No Discovery Responses.rtf
java.lang.NullPointerException: Cannot invoke "java.sql.Connection.createStatement()" because "base.DbConn.dbCon" is null
	at base.DbConn.execSQL(DbConn.java:186)
	at base.ProcessBase.loadSubstitutions(ProcessBase.java:83)
	at base.ProcessBase.process(ProcessBase.java:55)
	at base.LoadFile.processStaticTemplates(LoadFile.java:328)
	at base.LoadFile.processMatters(LoadFile.java:140)
	at base.LoadFile.main(LoadFile.java:111)

May 13, 2026 8:40:34 AM base.LoadFile processStaticTemplates
SEVERE: ProcessBase failed for template Discovery - Agency Deficiency Letter.rtf
java.lang.NullPointerException: Cannot invoke "java.sql.Connection.createStatement()" because "base.DbConn.dbCon" is null
	at base.DbConn.execSQL(DbConn.java:186)
	at base.ProcessBase.loadSubstitutions(ProcessBase.java:83)
	at base.ProcessBase.process(ProcessBase.java:55)
	at base.LoadFile.processStaticTemplates(LoadFile.java:328)
	at base.LoadFile.processMatters(LoadFile.java:140)
	at base.LoadFile.main(LoadFile.java:111)

May 13, 2026 8:40:34 AM base.LoadFile processStaticTemplates
SEVERE: ProcessBase failed for template Discovery - Agency's Standard Discovery Responses.rtf
java.lang.NullPointerException: Cannot invoke "java.sql.Connection.createStatement()" because "base.DbConn.dbCon" is null
	at base.DbConn.execSQL(DbConn.java:186)
	at base.ProcessBase.loadSubstitutions(ProcessBase.java:83)
	at base.ProcessBase.process(ProcessBase.java:55)
	at base.LoadFile.processStaticTemplates(LoadFile.java:328)
	at base.LoadFile.processMatters(LoadFile.java:140)
	at base.LoadFile.main(LoadFile.java:111)

May 13, 2026 8:40:35 AM base.LoadFile processStaticTemplates
SEVERE: ProcessBase failed for template Discovery - Agency's Standard Medical Release Forms for Discovery.rtf
java.lang.NullPointerException: Cannot invoke "java.sql.Connection.createStatement()" because "base.DbConn.dbCon" is null
	at base.DbConn.execSQL(DbConn.java:186)
	at base.ProcessBase.loadSubstitutions(ProcessBase.java:83)
	at base.ProcessBase.process(ProcessBase.java:55)
	at base.LoadFile.processStaticTemplates(LoadFile.java:328)
	at base.LoadFile.processMatters(LoadFile.java:140)
	at base.LoadFile.main(LoadFile.java:111)

May 13, 2026 8:40:35 AM base.LoadFile processStaticTemplates
SEVERE: ProcessBase failed for template Discovery - Agency's Standard Written Discovery w Medical Forms.rtf
java.lang.NullPointerException: Cannot invoke "java.sql.Connection.createStatement()" because "base.DbConn.dbCon" is null
	at base.DbConn.execSQL(DbConn.java:186)
	at base.ProcessBase.loadSubstitutions(ProcessBase.java:83)
	at base.ProcessBase.process(ProcessBase.java:55)
	at base.LoadFile.processStaticTemplates(LoadFile.java:328)
	at base.LoadFile.processMatters(LoadFile.java:140)
	at base.LoadFile.main(LoadFile.java:111)

May 13, 2026 8:40:35 AM base.LoadFile processStaticTemplates
SEVERE: ProcessBase failed for template Discovery - Agency's Standard Written Discovery w-o Medical Forms.rtf
java.lang.NullPointerException: Cannot invoke "java.sql.Connection.createStatement()" because "base.DbConn.dbCon" is null
	at base.DbConn.execSQL(DbConn.java:186)
	at base.ProcessBase.loadSubstitutions(ProcessBase.java:83)
	at base.ProcessBase.process(ProcessBase.java:55)
	at base.LoadFile.processStaticTemplates(LoadFile.java:328)
	at base.LoadFile.processMatters(LoadFile.java:140)
	at base.LoadFile.main(LoadFile.java:111)

May 13, 2026 8:40:36 AM base.LoadFile processStaticTemplates
SEVERE: ProcessBase failed for template Discovery - Cover letter for med records.rtf
java.lang.NullPointerException: Cannot invoke "java.sql.Connection.createStatement()" because "base.DbConn.dbCon" is null
	at base.DbConn.execSQL(DbConn.java:186)
	at base.ProcessBase.loadSubstitutions(ProcessBase.java:83)
	at base.ProcessBase.process(ProcessBase.java:55)
	at base.LoadFile.processStaticTemplates(LoadFile.java:328)
	at base.LoadFile.processMatters(LoadFile.java:140)
	at base.LoadFile.main(LoadFile.java:111)

May 13, 2026 8:40:36 AM base.LoadFile processStaticTemplates
SEVERE: ProcessBase failed for template WO202410109_Discovery - OWCP Release Request.rtf
java.lang.NullPointerException: Cannot invoke "java.sql.Connection.createStatement()" because "base.DbConn.dbCon" is null
	at base.DbConn.execSQL(DbConn.java:186)
	at base.ProcessBase.loadSubstitutions(ProcessBase.java:83)
	at base.ProcessBase.process(ProcessBase.java:55)
	at base.LoadFile.processStaticTemplates(LoadFile.java:328)
	at base.LoadFile.processMatters(LoadFile.java:140)
	at base.LoadFile.main(LoadFile.java:111)

May 13, 2026 8:40:36 AM base.LoadFile processStaticTemplates
SEVERE: ProcessBase failed for template Discovery - OWCP Release Request.rtf
java.lang.NullPointerException: Cannot invoke "java.sql.Connection.createStatement()" because "base.DbConn.dbCon" is null
	at base.DbConn.execSQL(DbConn.java:186)
	at base.ProcessBase.loadSubstitutions(ProcessBase.java:83)
	at base.ProcessBase.process(ProcessBase.java:55)
	at base.LoadFile.processStaticTemplates(LoadFile.java:328)
	at base.LoadFile.processMatters(LoadFile.java:140)
	at base.LoadFile.main(LoadFile.java:111)

May 13, 2026 8:40:36 AM base.LoadFile processStaticTemplates
SEVERE: ProcessBase failed for template Discovery - OWCP Release Request.rtf
java.lang.NullPointerException: Cannot invoke "java.sql.Connection.createStatement()" because "base.DbConn.dbCon" is null
	at base.DbConn.execSQL(DbConn.java:186)
	at base.ProcessBase.loadSubstitutions(ProcessBase.java:83)
	at base.ProcessBase.process(ProcessBase.java:55)
	at base.LoadFile.processStaticTemplates(LoadFile.java:328)
	at base.LoadFile.processMatters(LoadFile.java:140)
	at base.LoadFile.main(LoadFile.java:111)

May 13, 2026 8:40:37 AM base.LoadFile processStaticTemplates
SEVERE: ProcessBase failed for template Discovery - OWCP Release Request.rtf
java.lang.NullPointerException: Cannot invoke "java.sql.Connection.createStatement()" because "base.DbConn.dbCon" is null
	at base.DbConn.execSQL(DbConn.java:186)
	at base.ProcessBase.loadSubstitutions(ProcessBase.java:83)
	at base.ProcessBase.process(ProcessBase.java:55)
	at base.LoadFile.processStaticTemplates(LoadFile.java:328)
	at base.LoadFile.processMatters(LoadFile.java:140)
	at base.LoadFile.main(LoadFile.java:111)

May 13, 2026 8:40:37 AM base.LoadFile processStaticTemplates
SEVERE: ProcessBase failed for template Discovery - OWCP Release Request.rtf
java.lang.NullPointerException: Cannot invoke "java.sql.Connection.createStatement()" because "base.DbConn.dbCon" is null
	at base.DbConn.execSQL(DbConn.java:186)
	at base.ProcessBase.loadSubstitutions(ProcessBase.java:83)
	at base.ProcessBase.process(ProcessBase.java:55)
	at base.LoadFile.processStaticTemplates(LoadFile.java:328)
	at base.LoadFile.processMatters(LoadFile.java:140)
	at base.LoadFile.main(LoadFile.java:111)

May 13, 2026 8:40:37 AM base.LoadFile processStaticTemplates
SEVERE: ProcessBase failed for template Discovery - Standard Depo Notice.rtf
java.lang.NullPointerException: Cannot invoke "java.sql.Connection.createStatement()" because "base.DbConn.dbCon" is null
	at base.DbConn.execSQL(DbConn.java:186)
	at base.ProcessBase.loadSubstitutions(ProcessBase.java:83)
	at base.ProcessBase.process(ProcessBase.java:55)
	at base.LoadFile.processStaticTemplates(LoadFile.java:328)
	at base.LoadFile.processMatters(LoadFile.java:140)
	at base.LoadFile.main(LoadFile.java:111)

May 13, 2026 8:40:38 AM base.LoadFile processStaticTemplates
SEVERE: ProcessBase failed for template Discovery - [FOR SF USE ONLY] - Agency's Standard Medical Release Forms for Discovery.rtf
java.lang.NullPointerException: Cannot invoke "java.sql.Connection.createStatement()" because "base.DbConn.dbCon" is null
	at base.DbConn.execSQL(DbConn.java:186)
	at base.ProcessBase.loadSubstitutions(ProcessBase.java:83)
	at base.ProcessBase.process(ProcessBase.java:55)
	at base.LoadFile.processStaticTemplates(LoadFile.java:328)
	at base.LoadFile.processMatters(LoadFile.java:140)
	at base.LoadFile.main(LoadFile.java:111)

May 13, 2026 8:40:38 AM base.LoadFile processStaticTemplates
SEVERE: ProcessBase failed for template Discovery - [FOR SF USE ONLY] - Agency's Standard Written Discovery w Medical Forms.rtf
java.lang.NullPointerException: Cannot invoke "java.sql.Connection.createStatement()" because "base.DbConn.dbCon" is null
	at base.DbConn.execSQL(DbConn.java:186)
	at base.ProcessBase.loadSubstitutions(ProcessBase.java:83)
	at base.ProcessBase.process(ProcessBase.java:55)
	at base.LoadFile.processStaticTemplates(LoadFile.java:328)
	at base.LoadFile.processMatters(LoadFile.java:140)
	at base.LoadFile.main(LoadFile.java:111)

May 13, 2026 8:40:38 AM base.LoadFile processStaticTemplates
SEVERE: ProcessBase failed for template Fax Cover Sheet - AJ.rtf
java.lang.NullPointerException: Cannot invoke "java.sql.Connection.createStatement()" because "base.DbConn.dbCon" is null
	at base.DbConn.execSQL(DbConn.java:186)
	at base.ProcessBase.loadSubstitutions(ProcessBase.java:83)
	at base.ProcessBase.process(ProcessBase.java:55)
	at base.LoadFile.processStaticTemplates(LoadFile.java:328)
	at base.LoadFile.processMatters(LoadFile.java:140)
	at base.LoadFile.main(LoadFile.java:111)

May 13, 2026 8:40:39 AM base.LoadFile processStaticTemplates
SEVERE: ProcessBase failed for template Fax Cover Sheet - Rep.rtf
java.lang.NullPointerException: Cannot invoke "java.sql.Connection.createStatement()" because "base.DbConn.dbCon" is null
	at base.DbConn.execSQL(DbConn.java:186)
	at base.ProcessBase.loadSubstitutions(ProcessBase.java:83)
	at base.ProcessBase.process(ProcessBase.java:55)
	at base.LoadFile.processStaticTemplates(LoadFile.java:328)
	at base.LoadFile.processMatters(LoadFile.java:140)
	at base.LoadFile.main(LoadFile.java:111)

May 13, 2026 8:40:39 AM base.LoadFile processStaticTemplates
SEVERE: ProcessBase failed for template Master Letterhead to AJ.rtf
java.lang.NullPointerException: Cannot invoke "java.sql.Connection.createStatement()" because "base.DbConn.dbCon" is null
	at base.DbConn.execSQL(DbConn.java:186)
	at base.ProcessBase.loadSubstitutions(ProcessBase.java:83)
	at base.ProcessBase.process(ProcessBase.java:55)
	at base.LoadFile.processStaticTemplates(LoadFile.java:328)
	at base.LoadFile.processMatters(LoadFile.java:140)
	at base.LoadFile.main(LoadFile.java:111)

May 13, 2026 8:40:39 AM base.LoadFile processStaticTemplates
SEVERE: ProcessBase failed for template Master Letterhead to Comp.rtf
java.lang.NullPointerException: Cannot invoke "java.sql.Connection.createStatement()" because "base.DbConn.dbCon" is null
	at base.DbConn.execSQL(DbConn.java:186)
	at base.ProcessBase.loadSubstitutions(ProcessBase.java:83)
	at base.ProcessBase.process(ProcessBase.java:55)
	at base.LoadFile.processStaticTemplates(LoadFile.java:328)
	at base.LoadFile.processMatters(LoadFile.java:140)
	at base.LoadFile.main(LoadFile.java:111)

May 13, 2026 8:40:39 AM base.LoadFile processStaticTemplates
SEVERE: ProcessBase failed for template Master Letterhead to Rep.rtf
java.lang.NullPointerException: Cannot invoke "java.sql.Connection.createStatement()" because "base.DbConn.dbCon" is null
	at base.DbConn.execSQL(DbConn.java:186)
	at base.ProcessBase.loadSubstitutions(ProcessBase.java:83)
	at base.ProcessBase.process(ProcessBase.java:55)
	at base.LoadFile.processStaticTemplates(LoadFile.java:328)
	at base.LoadFile.processMatters(LoadFile.java:140)
	at base.LoadFile.main(LoadFile.java:111)

May 13, 2026 8:40:40 AM base.LoadFile processStaticTemplates
SEVERE: ProcessBase failed for template OWCP Records Authorization.rtf
java.lang.NullPointerException: Cannot invoke "java.sql.Connection.createStatement()" because "base.DbConn.dbCon" is null
	at base.DbConn.execSQL(DbConn.java:186)
	at base.ProcessBase.loadSubstitutions(ProcessBase.java:83)
	at base.ProcessBase.process(ProcessBase.java:55)
	at base.LoadFile.processStaticTemplates(LoadFile.java:328)
	at base.LoadFile.processMatters(LoadFile.java:140)
	at base.LoadFile.main(LoadFile.java:111)

May 13, 2026 8:40:40 AM base.LoadFile processStaticTemplates
SEVERE: ProcessBase failed for template Pleadings - Agency's Designation of Rep.rtf
java.lang.NullPointerException: Cannot invoke "java.sql.Connection.createStatement()" because "base.DbConn.dbCon" is null
	at base.DbConn.execSQL(DbConn.java:186)
	at base.ProcessBase.loadSubstitutions(ProcessBase.java:83)
	at base.ProcessBase.process(ProcessBase.java:55)
	at base.LoadFile.processStaticTemplates(LoadFile.java:328)
	at base.LoadFile.processMatters(LoadFile.java:140)
	at base.LoadFile.main(LoadFile.java:111)

May 13, 2026 8:40:40 AM base.LoadFile processStaticTemplates
SEVERE: ProcessBase failed for template Pleadings - Agency's Motion to Compel - Proposed Order.rtf
java.lang.NullPointerException: Cannot invoke "java.sql.Connection.createStatement()" because "base.DbConn.dbCon" is null
	at base.DbConn.execSQL(DbConn.java:186)
	at base.ProcessBase.loadSubstitutions(ProcessBase.java:83)
	at base.ProcessBase.process(ProcessBase.java:55)
	at base.LoadFile.processStaticTemplates(LoadFile.java:328)
	at base.LoadFile.processMatters(LoadFile.java:140)
	at base.LoadFile.main(LoadFile.java:111)

May 13, 2026 8:40:41 AM base.LoadFile processStaticTemplates
SEVERE: ProcessBase failed for template Pleadings - Agency's Motion to Compel.rtf
java.lang.NullPointerException: Cannot invoke "java.sql.Connection.createStatement()" because "base.DbConn.dbCon" is null
	at base.DbConn.execSQL(DbConn.java:186)
	at base.ProcessBase.loadSubstitutions(ProcessBase.java:83)
	at base.ProcessBase.process(ProcessBase.java:55)
	at base.LoadFile.processStaticTemplates(LoadFile.java:328)
	at base.LoadFile.processMatters(LoadFile.java:140)
	at base.LoadFile.main(LoadFile.java:111)

May 13, 2026 8:40:41 AM base.LoadFile processStaticTemplates
SEVERE: ProcessBase failed for template Pleadings - Agency's Opposition to Appeal (No Brief by Complainant).rtf
java.lang.NullPointerException: Cannot invoke "java.sql.Connection.createStatement()" because "base.DbConn.dbCon" is null
	at base.DbConn.execSQL(DbConn.java:186)
	at base.ProcessBase.loadSubstitutions(ProcessBase.java:83)
	at base.ProcessBase.process(ProcessBase.java:55)
	at base.LoadFile.processStaticTemplates(LoadFile.java:328)
	at base.LoadFile.processMatters(LoadFile.java:140)
	at base.LoadFile.main(LoadFile.java:111)

May 13, 2026 8:40:41 AM base.LoadFile processStaticTemplates
SEVERE: ProcessBase failed for template Pleadings - Agency's Substitution Letter.rtf
java.lang.NullPointerException: Cannot invoke "java.sql.Connection.createStatement()" because "base.DbConn.dbCon" is null
	at base.DbConn.execSQL(DbConn.java:186)
	at base.ProcessBase.loadSubstitutions(ProcessBase.java:83)
	at base.ProcessBase.process(ProcessBase.java:55)
	at base.LoadFile.processStaticTemplates(LoadFile.java:328)
	at base.LoadFile.processMatters(LoadFile.java:140)
	at base.LoadFile.main(LoadFile.java:111)

May 13, 2026 8:40:42 AM base.LoadFile processStaticTemplates
SEVERE: ProcessBase failed for template Pleadings - Certificate of Service.rtf
java.lang.NullPointerException: Cannot invoke "java.sql.Connection.createStatement()" because "base.DbConn.dbCon" is null
	at base.DbConn.execSQL(DbConn.java:186)
	at base.ProcessBase.loadSubstitutions(ProcessBase.java:83)
	at base.ProcessBase.process(ProcessBase.java:55)
	at base.LoadFile.processStaticTemplates(LoadFile.java:328)
	at base.LoadFile.processMatters(LoadFile.java:140)
	at base.LoadFile.main(LoadFile.java:111)

May 13, 2026 8:40:42 AM base.LoadFile processStaticTemplates
SEVERE: ProcessBase failed for template Pleadings - LAMP - FAX ONLY.rtf
java.lang.NullPointerException: Cannot invoke "java.sql.Connection.createStatement()" because "base.DbConn.dbCon" is null
	at base.DbConn.execSQL(DbConn.java:186)
	at base.ProcessBase.loadSubstitutions(ProcessBase.java:83)
	at base.ProcessBase.process(ProcessBase.java:55)
	at base.LoadFile.processStaticTemplates(LoadFile.java:328)
	at base.LoadFile.processMatters(LoadFile.java:140)
	at base.LoadFile.main(LoadFile.java:111)

May 13, 2026 8:40:42 AM base.LoadFile processStaticTemplates
SEVERE: ProcessBase failed for template Pleadings - Master Caption.rtf
java.lang.NullPointerException: Cannot invoke "java.sql.Connection.createStatement()" because "base.DbConn.dbCon" is null
	at base.DbConn.execSQL(DbConn.java:186)
	at base.ProcessBase.loadSubstitutions(ProcessBase.java:83)
	at base.ProcessBase.process(ProcessBase.java:55)
	at base.LoadFile.processStaticTemplates(LoadFile.java:328)
	at base.LoadFile.processMatters(LoadFile.java:140)
	at base.LoadFile.main(LoadFile.java:111)

May 13, 2026 8:40:43 AM base.LoadFile processStaticTemplates
SEVERE: ProcessBase failed for template Pleadings - PCI Pleading.rtf
java.lang.NullPointerException: Cannot invoke "java.sql.Connection.createStatement()" because "base.DbConn.dbCon" is null
	at base.DbConn.execSQL(DbConn.java:186)
	at base.ProcessBase.loadSubstitutions(ProcessBase.java:83)
	at base.ProcessBase.process(ProcessBase.java:55)
	at base.LoadFile.processStaticTemplates(LoadFile.java:328)
	at base.LoadFile.processMatters(LoadFile.java:140)
	at base.LoadFile.main(LoadFile.java:111)

May 13, 2026 8:40:43 AM base.LoadFile processStaticTemplates
SEVERE: ProcessBase failed for template Pleadings - PCI Submission Form.rtf
java.lang.NullPointerException: Cannot invoke "java.sql.Connection.createStatement()" because "base.DbConn.dbCon" is null
	at base.DbConn.execSQL(DbConn.java:186)
	at base.ProcessBase.loadSubstitutions(ProcessBase.java:83)
	at base.ProcessBase.process(ProcessBase.java:55)
	at base.LoadFile.processStaticTemplates(LoadFile.java:328)
	at base.LoadFile.processMatters(LoadFile.java:140)
	at base.LoadFile.main(LoadFile.java:111)

May 13, 2026 8:40:43 AM base.LoadFile processStaticTemplates
SEVERE: ProcessBase failed for template Pleadings - Proposed Order.rtf
java.lang.NullPointerException: Cannot invoke "java.sql.Connection.createStatement()" because "base.DbConn.dbCon" is null
	at base.DbConn.execSQL(DbConn.java:186)
	at base.ProcessBase.loadSubstitutions(ProcessBase.java:83)
	at base.ProcessBase.process(ProcessBase.java:55)
	at base.LoadFile.processStaticTemplates(LoadFile.java:328)
	at base.LoadFile.processMatters(LoadFile.java:140)
	at base.LoadFile.main(LoadFile.java:111)

May 13, 2026 8:40:44 AM base.LoadFile processStaticTemplates
SEVERE: ProcessBase failed for template Privacy Act Authorization_General (eeoc).rtf
java.lang.NullPointerException: Cannot invoke "java.sql.Connection.createStatement()" because "base.DbConn.dbCon" is null
	at base.DbConn.execSQL(DbConn.java:186)
	at base.ProcessBase.loadSubstitutions(ProcessBase.java:83)
	at base.ProcessBase.process(ProcessBase.java:55)
	at base.LoadFile.processStaticTemplates(LoadFile.java:328)
	at base.LoadFile.processMatters(LoadFile.java:140)
	at base.LoadFile.main(LoadFile.java:111)

May 13, 2026 8:40:44 AM base.LoadFile processStaticTemplates
SEVERE: ProcessBase failed for template PS Form 8041 Request for Settlement Check.rtf
java.lang.NullPointerException: Cannot invoke "java.sql.Connection.createStatement()" because "base.DbConn.dbCon" is null
	at base.DbConn.execSQL(DbConn.java:186)
	at base.ProcessBase.loadSubstitutions(ProcessBase.java:83)
	at base.ProcessBase.process(ProcessBase.java:55)
	at base.LoadFile.processStaticTemplates(LoadFile.java:328)
	at base.LoadFile.processMatters(LoadFile.java:140)
	at base.LoadFile.main(LoadFile.java:111)

May 13, 2026 8:40:44 AM base.LoadFile processStaticTemplates
SEVERE: ProcessBase failed for template Request for Client Docs No Release Obtained.rtf
java.lang.NullPointerException: Cannot invoke "java.sql.Connection.createStatement()" because "base.DbConn.dbCon" is null
	at base.DbConn.execSQL(DbConn.java:186)
	at base.ProcessBase.loadSubstitutions(ProcessBase.java:83)
	at base.ProcessBase.process(ProcessBase.java:55)
	at base.LoadFile.processStaticTemplates(LoadFile.java:328)
	at base.LoadFile.processMatters(LoadFile.java:140)
	at base.LoadFile.main(LoadFile.java:111)

May 13, 2026 8:40:44 AM base.LoadFile processStaticTemplates
SEVERE: ProcessBase failed for template Request for Client Docs.rtf
java.lang.NullPointerException: Cannot invoke "java.sql.Connection.createStatement()" because "base.DbConn.dbCon" is null
	at base.DbConn.execSQL(DbConn.java:186)
	at base.ProcessBase.loadSubstitutions(ProcessBase.java:83)
	at base.ProcessBase.process(ProcessBase.java:55)
	at base.LoadFile.processStaticTemplates(LoadFile.java:328)
	at base.LoadFile.processMatters(LoadFile.java:140)
	at base.LoadFile.main(LoadFile.java:111)

May 13, 2026 8:40:45 AM base.LoadFile processStaticTemplates
SEVERE: ProcessBase failed for template Request for Medical Information.rtf
java.lang.NullPointerException: Cannot invoke "java.sql.Connection.createStatement()" because "base.DbConn.dbCon" is null
	at base.DbConn.execSQL(DbConn.java:186)
	at base.ProcessBase.loadSubstitutions(ProcessBase.java:83)
	at base.ProcessBase.process(ProcessBase.java:55)
	at base.LoadFile.processStaticTemplates(LoadFile.java:328)
	at base.LoadFile.processMatters(LoadFile.java:140)
	at base.LoadFile.main(LoadFile.java:111)

May 13, 2026 8:40:45 AM base.LoadFile processStaticTemplates
SEVERE: ProcessBase failed for template Settlement Agreement and General Release - EEOC (Macro version).rtf
java.lang.NullPointerException: Cannot invoke "java.sql.Connection.createStatement()" because "base.DbConn.dbCon" is null
	at base.DbConn.execSQL(DbConn.java:186)
	at base.ProcessBase.loadSubstitutions(ProcessBase.java:83)
	at base.ProcessBase.process(ProcessBase.java:55)
	at base.LoadFile.processStaticTemplates(LoadFile.java:328)
	at base.LoadFile.processMatters(LoadFile.java:140)
	at base.LoadFile.main(LoadFile.java:111)

May 13, 2026 8:40:45 AM base.LoadFile processStaticTemplates
SEVERE: ProcessBase failed for template Settlement Check Letter.rtf
java.lang.NullPointerException: Cannot invoke "java.sql.Connection.createStatement()" because "base.DbConn.dbCon" is null
	at base.DbConn.execSQL(DbConn.java:186)
	at base.ProcessBase.loadSubstitutions(ProcessBase.java:83)
	at base.ProcessBase.process(ProcessBase.java:55)
	at base.LoadFile.processStaticTemplates(LoadFile.java:328)
	at base.LoadFile.processMatters(LoadFile.java:140)
	at base.LoadFile.main(LoadFile.java:111)

May 13, 2026 8:40:46 AM base.LoadFile processStaticTemplates
SEVERE: ProcessBase failed for template Staff Notes - EEOC Case Summary.rtf
java.lang.NullPointerException: Cannot invoke "java.sql.Connection.createStatement()" because "base.DbConn.dbCon" is null
	at base.DbConn.execSQL(DbConn.java:186)
	at base.ProcessBase.loadSubstitutions(ProcessBase.java:83)
	at base.ProcessBase.process(ProcessBase.java:55)
	at base.LoadFile.processStaticTemplates(LoadFile.java:328)
	at base.LoadFile.processMatters(LoadFile.java:140)
	at base.LoadFile.main(LoadFile.java:111)

May 13, 2026 8:40:46 AM base.LoadFile processStaticTemplates
SEVERE: ProcessBase failed for template Staff Notes - Revised Settlement Authority Briefing Sheet 10K or Less.rtf
java.lang.NullPointerException: Cannot invoke "java.sql.Connection.createStatement()" because "base.DbConn.dbCon" is null
	at base.DbConn.execSQL(DbConn.java:186)
	at base.ProcessBase.loadSubstitutions(ProcessBase.java:83)
	at base.ProcessBase.process(ProcessBase.java:55)
	at base.LoadFile.processStaticTemplates(LoadFile.java:328)
	at base.LoadFile.processMatters(LoadFile.java:140)
	at base.LoadFile.main(LoadFile.java:111)

May 13, 2026 8:40:46 AM base.LoadFile processStaticTemplates
SEVERE: ProcessBase failed for template Staff Notes - Case Closing Form - EEOC.rtf
java.lang.NullPointerException: Cannot invoke "java.sql.Connection.createStatement()" because "base.DbConn.dbCon" is null
	at base.DbConn.execSQL(DbConn.java:186)
	at base.ProcessBase.loadSubstitutions(ProcessBase.java:83)
	at base.ProcessBase.process(ProcessBase.java:55)
	at base.LoadFile.processStaticTemplates(LoadFile.java:328)
	at base.LoadFile.processMatters(LoadFile.java:140)
	at base.LoadFile.main(LoadFile.java:111)

May 13, 2026 8:40:46 AM base.LoadFile processStaticTemplates
SEVERE: ProcessBase failed for template Staff Notes - EEOC Initial Case Review Form.rtf
java.lang.NullPointerException: Cannot invoke "java.sql.Connection.createStatement()" because "base.DbConn.dbCon" is null
	at base.DbConn.execSQL(DbConn.java:186)
	at base.ProcessBase.loadSubstitutions(ProcessBase.java:83)
	at base.ProcessBase.process(ProcessBase.java:55)
	at base.LoadFile.processStaticTemplates(LoadFile.java:328)
	at base.LoadFile.processMatters(LoadFile.java:140)
	at base.LoadFile.main(LoadFile.java:111)

May 13, 2026 8:40:47 AM base.LoadFile processStaticTemplates
SEVERE: ProcessBase failed for template Staff Notes - EEOC Tasking Chart.rtf
java.lang.NullPointerException: Cannot invoke "java.sql.Connection.createStatement()" because "base.DbConn.dbCon" is null
	at base.DbConn.execSQL(DbConn.java:186)
	at base.ProcessBase.loadSubstitutions(ProcessBase.java:83)
	at base.ProcessBase.process(ProcessBase.java:55)
	at base.LoadFile.processStaticTemplates(LoadFile.java:328)
	at base.LoadFile.processMatters(LoadFile.java:140)
	at base.LoadFile.main(LoadFile.java:111)

May 13, 2026 8:45:23 AM base.LoadFile main
INFO: Running Legal Libs
May 13, 2026 8:45:26 AM base.LoadFile processStaticTemplates
SEVERE: ProcessBase failed for template Closing Memo EEOC.rtf
java.lang.NullPointerException: Cannot invoke "java.sql.Connection.createStatement()" because "base.DbConn.dbCon" is null
	at base.DbConn.execSQL(DbConn.java:186)
	at base.ProcessBase.loadSubstitutions(ProcessBase.java:83)
	at base.ProcessBase.process(ProcessBase.java:55)
	at base.LoadFile.processStaticTemplates(LoadFile.java:328)
	at base.LoadFile.processMatters(LoadFile.java:140)
	at base.LoadFile.main(LoadFile.java:111)

May 13, 2026 8:45:26 AM base.LoadFile processStaticTemplates
SEVERE: ProcessBase failed for template Discovery - 10-Day Letter re No Discovery Responses.rtf
java.lang.NullPointerException: Cannot invoke "java.sql.Connection.createStatement()" because "base.DbConn.dbCon" is null
	at base.DbConn.execSQL(DbConn.java:186)
	at base.ProcessBase.loadSubstitutions(ProcessBase.java:83)
	at base.ProcessBase.process(ProcessBase.java:55)
	at base.LoadFile.processStaticTemplates(LoadFile.java:328)
	at base.LoadFile.processMatters(LoadFile.java:140)
	at base.LoadFile.main(LoadFile.java:111)

May 13, 2026 8:45:27 AM base.LoadFile processStaticTemplates
SEVERE: ProcessBase failed for template Discovery - Agency Deficiency Letter.rtf
java.lang.NullPointerException: Cannot invoke "java.sql.Connection.createStatement()" because "base.DbConn.dbCon" is null
	at base.DbConn.execSQL(DbConn.java:186)
	at base.ProcessBase.loadSubstitutions(ProcessBase.java:83)
	at base.ProcessBase.process(ProcessBase.java:55)
	at base.LoadFile.processStaticTemplates(LoadFile.java:328)
	at base.LoadFile.processMatters(LoadFile.java:140)
	at base.LoadFile.main(LoadFile.java:111)

May 13, 2026 8:45:27 AM base.LoadFile processStaticTemplates
SEVERE: ProcessBase failed for template Discovery - Agency's Standard Discovery Responses.rtf
java.lang.NullPointerException: Cannot invoke "java.sql.Connection.createStatement()" because "base.DbConn.dbCon" is null
	at base.DbConn.execSQL(DbConn.java:186)
	at base.ProcessBase.loadSubstitutions(ProcessBase.java:83)
	at base.ProcessBase.process(ProcessBase.java:55)
	at base.LoadFile.processStaticTemplates(LoadFile.java:328)
	at base.LoadFile.processMatters(LoadFile.java:140)
	at base.LoadFile.main(LoadFile.java:111)

May 13, 2026 8:45:27 AM base.LoadFile processStaticTemplates
SEVERE: ProcessBase failed for template Discovery - Agency's Standard Medical Release Forms for Discovery.rtf
java.lang.NullPointerException: Cannot invoke "java.sql.Connection.createStatement()" because "base.DbConn.dbCon" is null
	at base.DbConn.execSQL(DbConn.java:186)
	at base.ProcessBase.loadSubstitutions(ProcessBase.java:83)
	at base.ProcessBase.process(ProcessBase.java:55)
	at base.LoadFile.processStaticTemplates(LoadFile.java:328)
	at base.LoadFile.processMatters(LoadFile.java:140)
	at base.LoadFile.main(LoadFile.java:111)

May 13, 2026 8:45:28 AM base.LoadFile processStaticTemplates
SEVERE: ProcessBase failed for template Discovery - Agency's Standard Written Discovery w Medical Forms.rtf
java.lang.NullPointerException: Cannot invoke "java.sql.Connection.createStatement()" because "base.DbConn.dbCon" is null
	at base.DbConn.execSQL(DbConn.java:186)
	at base.ProcessBase.loadSubstitutions(ProcessBase.java:83)
	at base.ProcessBase.process(ProcessBase.java:55)
	at base.LoadFile.processStaticTemplates(LoadFile.java:328)
	at base.LoadFile.processMatters(LoadFile.java:140)
	at base.LoadFile.main(LoadFile.java:111)

May 13, 2026 8:45:28 AM base.LoadFile processStaticTemplates
SEVERE: ProcessBase failed for template Discovery - Agency's Standard Written Discovery w-o Medical Forms.rtf
java.lang.NullPointerException: Cannot invoke "java.sql.Connection.createStatement()" because "base.DbConn.dbCon" is null
	at base.DbConn.execSQL(DbConn.java:186)
	at base.ProcessBase.loadSubstitutions(ProcessBase.java:83)
	at base.ProcessBase.process(ProcessBase.java:55)
	at base.LoadFile.processStaticTemplates(LoadFile.java:328)
	at base.LoadFile.processMatters(LoadFile.java:140)
	at base.LoadFile.main(LoadFile.java:111)

May 13, 2026 8:45:28 AM base.LoadFile processStaticTemplates
SEVERE: ProcessBase failed for template Discovery - Cover letter for med records.rtf
java.lang.NullPointerException: Cannot invoke "java.sql.Connection.createStatement()" because "base.DbConn.dbCon" is null
	at base.DbConn.execSQL(DbConn.java:186)
	at base.ProcessBase.loadSubstitutions(ProcessBase.java:83)
	at base.ProcessBase.process(ProcessBase.java:55)
	at base.LoadFile.processStaticTemplates(LoadFile.java:328)
	at base.LoadFile.processMatters(LoadFile.java:140)
	at base.LoadFile.main(LoadFile.java:111)

May 13, 2026 8:45:28 AM base.LoadFile processStaticTemplates
SEVERE: ProcessBase failed for template WO202410109_Discovery - OWCP Release Request.rtf
java.lang.NullPointerException: Cannot invoke "java.sql.Connection.createStatement()" because "base.DbConn.dbCon" is null
	at base.DbConn.execSQL(DbConn.java:186)
	at base.ProcessBase.loadSubstitutions(ProcessBase.java:83)
	at base.ProcessBase.process(ProcessBase.java:55)
	at base.LoadFile.processStaticTemplates(LoadFile.java:328)
	at base.LoadFile.processMatters(LoadFile.java:140)
	at base.LoadFile.main(LoadFile.java:111)

May 13, 2026 8:45:29 AM base.LoadFile processStaticTemplates
SEVERE: ProcessBase failed for template Discovery - OWCP Release Request.rtf
java.lang.NullPointerException: Cannot invoke "java.sql.Connection.createStatement()" because "base.DbConn.dbCon" is null
	at base.DbConn.execSQL(DbConn.java:186)
	at base.ProcessBase.loadSubstitutions(ProcessBase.java:83)
	at base.ProcessBase.process(ProcessBase.java:55)
	at base.LoadFile.processStaticTemplates(LoadFile.java:328)
	at base.LoadFile.processMatters(LoadFile.java:140)
	at base.LoadFile.main(LoadFile.java:111)

May 13, 2026 8:45:29 AM base.LoadFile processStaticTemplates
SEVERE: ProcessBase failed for template Discovery - OWCP Release Request.rtf
java.lang.NullPointerException: Cannot invoke "java.sql.Connection.createStatement()" because "base.DbConn.dbCon" is null
	at base.DbConn.execSQL(DbConn.java:186)
	at base.ProcessBase.loadSubstitutions(ProcessBase.java:83)
	at base.ProcessBase.process(ProcessBase.java:55)
	at base.LoadFile.processStaticTemplates(LoadFile.java:328)
	at base.LoadFile.processMatters(LoadFile.java:140)
	at base.LoadFile.main(LoadFile.java:111)

May 13, 2026 8:45:29 AM base.LoadFile processStaticTemplates
SEVERE: ProcessBase failed for template Discovery - OWCP Release Request.rtf
java.lang.NullPointerException: Cannot invoke "java.sql.Connection.createStatement()" because "base.DbConn.dbCon" is null
	at base.DbConn.execSQL(DbConn.java:186)
	at base.ProcessBase.loadSubstitutions(ProcessBase.java:83)
	at base.ProcessBase.process(ProcessBase.java:55)
	at base.LoadFile.processStaticTemplates(LoadFile.java:328)
	at base.LoadFile.processMatters(LoadFile.java:140)
	at base.LoadFile.main(LoadFile.java:111)

May 13, 2026 8:45:30 AM base.LoadFile processStaticTemplates
SEVERE: ProcessBase failed for template Discovery - OWCP Release Request.rtf
java.lang.NullPointerException: Cannot invoke "java.sql.Connection.createStatement()" because "base.DbConn.dbCon" is null
	at base.DbConn.execSQL(DbConn.java:186)
	at base.ProcessBase.loadSubstitutions(ProcessBase.java:83)
	at base.ProcessBase.process(ProcessBase.java:55)
	at base.LoadFile.processStaticTemplates(LoadFile.java:328)
	at base.LoadFile.processMatters(LoadFile.java:140)
	at base.LoadFile.main(LoadFile.java:111)

May 13, 2026 8:45:30 AM base.LoadFile processStaticTemplates
SEVERE: ProcessBase failed for template Discovery - Standard Depo Notice.rtf
java.lang.NullPointerException: Cannot invoke "java.sql.Connection.createStatement()" because "base.DbConn.dbCon" is null
	at base.DbConn.execSQL(DbConn.java:186)
	at base.ProcessBase.loadSubstitutions(ProcessBase.java:83)
	at base.ProcessBase.process(ProcessBase.java:55)
	at base.LoadFile.processStaticTemplates(LoadFile.java:328)
	at base.LoadFile.processMatters(LoadFile.java:140)
	at base.LoadFile.main(LoadFile.java:111)

May 13, 2026 8:45:30 AM base.LoadFile processStaticTemplates
SEVERE: ProcessBase failed for template Discovery - [FOR SF USE ONLY] - Agency's Standard Medical Release Forms for Discovery.rtf
java.lang.NullPointerException: Cannot invoke "java.sql.Connection.createStatement()" because "base.DbConn.dbCon" is null
	at base.DbConn.execSQL(DbConn.java:186)
	at base.ProcessBase.loadSubstitutions(ProcessBase.java:83)
	at base.ProcessBase.process(ProcessBase.java:55)
	at base.LoadFile.processStaticTemplates(LoadFile.java:328)
	at base.LoadFile.processMatters(LoadFile.java:140)
	at base.LoadFile.main(LoadFile.java:111)

May 13, 2026 8:45:31 AM base.LoadFile processStaticTemplates
SEVERE: ProcessBase failed for template Discovery - [FOR SF USE ONLY] - Agency's Standard Written Discovery w Medical Forms.rtf
java.lang.NullPointerException: Cannot invoke "java.sql.Connection.createStatement()" because "base.DbConn.dbCon" is null
	at base.DbConn.execSQL(DbConn.java:186)
	at base.ProcessBase.loadSubstitutions(ProcessBase.java:83)
	at base.ProcessBase.process(ProcessBase.java:55)
	at base.LoadFile.processStaticTemplates(LoadFile.java:328)
	at base.LoadFile.processMatters(LoadFile.java:140)
	at base.LoadFile.main(LoadFile.java:111)

May 13, 2026 8:45:31 AM base.LoadFile processStaticTemplates
SEVERE: ProcessBase failed for template Fax Cover Sheet - AJ.rtf
java.lang.NullPointerException: Cannot invoke "java.sql.Connection.createStatement()" because "base.DbConn.dbCon" is null
	at base.DbConn.execSQL(DbConn.java:186)
	at base.ProcessBase.loadSubstitutions(ProcessBase.java:83)
	at base.ProcessBase.process(ProcessBase.java:55)
	at base.LoadFile.processStaticTemplates(LoadFile.java:328)
	at base.LoadFile.processMatters(LoadFile.java:140)
	at base.LoadFile.main(LoadFile.java:111)

May 13, 2026 8:45:31 AM base.LoadFile processStaticTemplates
SEVERE: ProcessBase failed for template Fax Cover Sheet - Rep.rtf
java.lang.NullPointerException: Cannot invoke "java.sql.Connection.createStatement()" because "base.DbConn.dbCon" is null
	at base.DbConn.execSQL(DbConn.java:186)
	at base.ProcessBase.loadSubstitutions(ProcessBase.java:83)
	at base.ProcessBase.process(ProcessBase.java:55)
	at base.LoadFile.processStaticTemplates(LoadFile.java:328)
	at base.LoadFile.processMatters(LoadFile.java:140)
	at base.LoadFile.main(LoadFile.java:111)

May 13, 2026 8:45:32 AM base.LoadFile processStaticTemplates
SEVERE: ProcessBase failed for template Master Letterhead to AJ.rtf
java.lang.NullPointerException: Cannot invoke "java.sql.Connection.createStatement()" because "base.DbConn.dbCon" is null
	at base.DbConn.execSQL(DbConn.java:186)
	at base.ProcessBase.loadSubstitutions(ProcessBase.java:83)
	at base.ProcessBase.process(ProcessBase.java:55)
	at base.LoadFile.processStaticTemplates(LoadFile.java:328)
	at base.LoadFile.processMatters(LoadFile.java:140)
	at base.LoadFile.main(LoadFile.java:111)

May 13, 2026 8:45:32 AM base.LoadFile processStaticTemplates
SEVERE: ProcessBase failed for template Master Letterhead to Comp.rtf
java.lang.NullPointerException: Cannot invoke "java.sql.Connection.createStatement()" because "base.DbConn.dbCon" is null
	at base.DbConn.execSQL(DbConn.java:186)
	at base.ProcessBase.loadSubstitutions(ProcessBase.java:83)
	at base.ProcessBase.process(ProcessBase.java:55)
	at base.LoadFile.processStaticTemplates(LoadFile.java:328)
	at base.LoadFile.processMatters(LoadFile.java:140)
	at base.LoadFile.main(LoadFile.java:111)

May 13, 2026 8:45:32 AM base.LoadFile processStaticTemplates
SEVERE: ProcessBase failed for template Master Letterhead to Rep.rtf
java.lang.NullPointerException: Cannot invoke "java.sql.Connection.createStatement()" because "base.DbConn.dbCon" is null
	at base.DbConn.execSQL(DbConn.java:186)
	at base.ProcessBase.loadSubstitutions(ProcessBase.java:83)
	at base.ProcessBase.process(ProcessBase.java:55)
	at base.LoadFile.processStaticTemplates(LoadFile.java:328)
	at base.LoadFile.processMatters(LoadFile.java:140)
	at base.LoadFile.main(LoadFile.java:111)

May 13, 2026 8:45:33 AM base.LoadFile processStaticTemplates
SEVERE: ProcessBase failed for template OWCP Records Authorization.rtf
java.lang.NullPointerException: Cannot invoke "java.sql.Connection.createStatement()" because "base.DbConn.dbCon" is null
	at base.DbConn.execSQL(DbConn.java:186)
	at base.ProcessBase.loadSubstitutions(ProcessBase.java:83)
	at base.ProcessBase.process(ProcessBase.java:55)
	at base.LoadFile.processStaticTemplates(LoadFile.java:328)
	at base.LoadFile.processMatters(LoadFile.java:140)
	at base.LoadFile.main(LoadFile.java:111)

May 13, 2026 8:45:33 AM base.LoadFile processStaticTemplates
SEVERE: ProcessBase failed for template Pleadings - Agency's Designation of Rep.rtf
java.lang.NullPointerException: Cannot invoke "java.sql.Connection.createStatement()" because "base.DbConn.dbCon" is null
	at base.DbConn.execSQL(DbConn.java:186)
	at base.ProcessBase.loadSubstitutions(ProcessBase.java:83)
	at base.ProcessBase.process(ProcessBase.java:55)
	at base.LoadFile.processStaticTemplates(LoadFile.java:328)
	at base.LoadFile.processMatters(LoadFile.java:140)
	at base.LoadFile.main(LoadFile.java:111)

May 13, 2026 8:45:33 AM base.LoadFile processStaticTemplates
SEVERE: ProcessBase failed for template Pleadings - Agency's Motion to Compel - Proposed Order.rtf
java.lang.NullPointerException: Cannot invoke "java.sql.Connection.createStatement()" because "base.DbConn.dbCon" is null
	at base.DbConn.execSQL(DbConn.java:186)
	at base.ProcessBase.loadSubstitutions(ProcessBase.java:83)
	at base.ProcessBase.process(ProcessBase.java:55)
	at base.LoadFile.processStaticTemplates(LoadFile.java:328)
	at base.LoadFile.processMatters(LoadFile.java:140)
	at base.LoadFile.main(LoadFile.java:111)

May 13, 2026 8:45:33 AM base.LoadFile processStaticTemplates
SEVERE: ProcessBase failed for template Pleadings - Agency's Motion to Compel.rtf
java.lang.NullPointerException: Cannot invoke "java.sql.Connection.createStatement()" because "base.DbConn.dbCon" is null
	at base.DbConn.execSQL(DbConn.java:186)
	at base.ProcessBase.loadSubstitutions(ProcessBase.java:83)
	at base.ProcessBase.process(ProcessBase.java:55)
	at base.LoadFile.processStaticTemplates(LoadFile.java:328)
	at base.LoadFile.processMatters(LoadFile.java:140)
	at base.LoadFile.main(LoadFile.java:111)

May 13, 2026 8:45:34 AM base.LoadFile processStaticTemplates
SEVERE: ProcessBase failed for template Pleadings - Agency's Opposition to Appeal (No Brief by Complainant).rtf
java.lang.NullPointerException: Cannot invoke "java.sql.Connection.createStatement()" because "base.DbConn.dbCon" is null
	at base.DbConn.execSQL(DbConn.java:186)
	at base.ProcessBase.loadSubstitutions(ProcessBase.java:83)
	at base.ProcessBase.process(ProcessBase.java:55)
	at base.LoadFile.processStaticTemplates(LoadFile.java:328)
	at base.LoadFile.processMatters(LoadFile.java:140)
	at base.LoadFile.main(LoadFile.java:111)

May 13, 2026 8:45:34 AM base.LoadFile processStaticTemplates
SEVERE: ProcessBase failed for template Pleadings - Agency's Substitution Letter.rtf
java.lang.NullPointerException: Cannot invoke "java.sql.Connection.createStatement()" because "base.DbConn.dbCon" is null
	at base.DbConn.execSQL(DbConn.java:186)
	at base.ProcessBase.loadSubstitutions(ProcessBase.java:83)
	at base.ProcessBase.process(ProcessBase.java:55)
	at base.LoadFile.processStaticTemplates(LoadFile.java:328)
	at base.LoadFile.processMatters(LoadFile.java:140)
	at base.LoadFile.main(LoadFile.java:111)

May 13, 2026 8:45:34 AM base.LoadFile processStaticTemplates
SEVERE: ProcessBase failed for template Pleadings - Certificate of Service.rtf
java.lang.NullPointerException: Cannot invoke "java.sql.Connection.createStatement()" because "base.DbConn.dbCon" is null
	at base.DbConn.execSQL(DbConn.java:186)
	at base.ProcessBase.loadSubstitutions(ProcessBase.java:83)
	at base.ProcessBase.process(ProcessBase.java:55)
	at base.LoadFile.processStaticTemplates(LoadFile.java:328)
	at base.LoadFile.processMatters(LoadFile.java:140)
	at base.LoadFile.main(LoadFile.java:111)

May 13, 2026 8:45:35 AM base.LoadFile processStaticTemplates
SEVERE: ProcessBase failed for template Pleadings - LAMP - FAX ONLY.rtf
java.lang.NullPointerException: Cannot invoke "java.sql.Connection.createStatement()" because "base.DbConn.dbCon" is null
	at base.DbConn.execSQL(DbConn.java:186)
	at base.ProcessBase.loadSubstitutions(ProcessBase.java:83)
	at base.ProcessBase.process(ProcessBase.java:55)
	at base.LoadFile.processStaticTemplates(LoadFile.java:328)
	at base.LoadFile.processMatters(LoadFile.java:140)
	at base.LoadFile.main(LoadFile.java:111)

May 13, 2026 8:45:35 AM base.LoadFile processStaticTemplates
SEVERE: ProcessBase failed for template Pleadings - Master Caption.rtf
java.lang.NullPointerException: Cannot invoke "java.sql.Connection.createStatement()" because "base.DbConn.dbCon" is null
	at base.DbConn.execSQL(DbConn.java:186)
	at base.ProcessBase.loadSubstitutions(ProcessBase.java:83)
	at base.ProcessBase.process(ProcessBase.java:55)
	at base.LoadFile.processStaticTemplates(LoadFile.java:328)
	at base.LoadFile.processMatters(LoadFile.java:140)
	at base.LoadFile.main(LoadFile.java:111)

May 13, 2026 8:45:35 AM base.LoadFile processStaticTemplates
SEVERE: ProcessBase failed for template Pleadings - PCI Pleading.rtf
java.lang.NullPointerException: Cannot invoke "java.sql.Connection.createStatement()" because "base.DbConn.dbCon" is null
	at base.DbConn.execSQL(DbConn.java:186)
	at base.ProcessBase.loadSubstitutions(ProcessBase.java:83)
	at base.ProcessBase.process(ProcessBase.java:55)
	at base.LoadFile.processStaticTemplates(LoadFile.java:328)
	at base.LoadFile.processMatters(LoadFile.java:140)
	at base.LoadFile.main(LoadFile.java:111)

May 13, 2026 8:45:36 AM base.LoadFile processStaticTemplates
SEVERE: ProcessBase failed for template Pleadings - PCI Submission Form.rtf
java.lang.NullPointerException: Cannot invoke "java.sql.Connection.createStatement()" because "base.DbConn.dbCon" is null
	at base.DbConn.execSQL(DbConn.java:186)
	at base.ProcessBase.loadSubstitutions(ProcessBase.java:83)
	at base.ProcessBase.process(ProcessBase.java:55)
	at base.LoadFile.processStaticTemplates(LoadFile.java:328)
	at base.LoadFile.processMatters(LoadFile.java:140)
	at base.LoadFile.main(LoadFile.java:111)

May 13, 2026 8:45:36 AM base.LoadFile processStaticTemplates
SEVERE: ProcessBase failed for template Pleadings - Proposed Order.rtf
java.lang.NullPointerException: Cannot invoke "java.sql.Connection.createStatement()" because "base.DbConn.dbCon" is null
	at base.DbConn.execSQL(DbConn.java:186)
	at base.ProcessBase.loadSubstitutions(ProcessBase.java:83)
	at base.ProcessBase.process(ProcessBase.java:55)
	at base.LoadFile.processStaticTemplates(LoadFile.java:328)
	at base.LoadFile.processMatters(LoadFile.java:140)
	at base.LoadFile.main(LoadFile.java:111)

May 13, 2026 8:45:36 AM base.LoadFile processStaticTemplates
SEVERE: ProcessBase failed for template Privacy Act Authorization_General (eeoc).rtf
java.lang.NullPointerException: Cannot invoke "java.sql.Connection.createStatement()" because "base.DbConn.dbCon" is null
	at base.DbConn.execSQL(DbConn.java:186)
	at base.ProcessBase.loadSubstitutions(ProcessBase.java:83)
	at base.ProcessBase.process(ProcessBase.java:55)
	at base.LoadFile.processStaticTemplates(LoadFile.java:328)
	at base.LoadFile.processMatters(LoadFile.java:140)
	at base.LoadFile.main(LoadFile.java:111)

May 13, 2026 8:45:36 AM base.LoadFile processStaticTemplates
SEVERE: ProcessBase failed for template PS Form 8041 Request for Settlement Check.rtf
java.lang.NullPointerException: Cannot invoke "java.sql.Connection.createStatement()" because "base.DbConn.dbCon" is null
	at base.DbConn.execSQL(DbConn.java:186)
	at base.ProcessBase.loadSubstitutions(ProcessBase.java:83)
	at base.ProcessBase.process(ProcessBase.java:55)
	at base.LoadFile.processStaticTemplates(LoadFile.java:328)
	at base.LoadFile.processMatters(LoadFile.java:140)
	at base.LoadFile.main(LoadFile.java:111)

May 13, 2026 8:45:37 AM base.LoadFile processStaticTemplates
SEVERE: ProcessBase failed for template Request for Client Docs No Release Obtained.rtf
java.lang.NullPointerException: Cannot invoke "java.sql.Connection.createStatement()" because "base.DbConn.dbCon" is null
	at base.DbConn.execSQL(DbConn.java:186)
	at base.ProcessBase.loadSubstitutions(ProcessBase.java:83)
	at base.ProcessBase.process(ProcessBase.java:55)
	at base.LoadFile.processStaticTemplates(LoadFile.java:328)
	at base.LoadFile.processMatters(LoadFile.java:140)
	at base.LoadFile.main(LoadFile.java:111)

May 13, 2026 8:45:37 AM base.LoadFile processStaticTemplates
SEVERE: ProcessBase failed for template Request for Client Docs.rtf
java.lang.NullPointerException: Cannot invoke "java.sql.Connection.createStatement()" because "base.DbConn.dbCon" is null
	at base.DbConn.execSQL(DbConn.java:186)
	at base.ProcessBase.loadSubstitutions(ProcessBase.java:83)
	at base.ProcessBase.process(ProcessBase.java:55)
	at base.LoadFile.processStaticTemplates(LoadFile.java:328)
	at base.LoadFile.processMatters(LoadFile.java:140)
	at base.LoadFile.main(LoadFile.java:111)

May 13, 2026 8:45:37 AM base.LoadFile processStaticTemplates
SEVERE: ProcessBase failed for template Request for Medical Information.rtf
java.lang.NullPointerException: Cannot invoke "java.sql.Connection.createStatement()" because "base.DbConn.dbCon" is null
	at base.DbConn.execSQL(DbConn.java:186)
	at base.ProcessBase.loadSubstitutions(ProcessBase.java:83)
	at base.ProcessBase.process(ProcessBase.java:55)
	at base.LoadFile.processStaticTemplates(LoadFile.java:328)
	at base.LoadFile.processMatters(LoadFile.java:140)
	at base.LoadFile.main(LoadFile.java:111)

May 13, 2026 8:45:38 AM base.LoadFile processStaticTemplates
SEVERE: ProcessBase failed for template Settlement Agreement and General Release - EEOC (Macro version).rtf
java.lang.NullPointerException: Cannot invoke "java.sql.Connection.createStatement()" because "base.DbConn.dbCon" is null
	at base.DbConn.execSQL(DbConn.java:186)
	at base.ProcessBase.loadSubstitutions(ProcessBase.java:83)
	at base.ProcessBase.process(ProcessBase.java:55)
	at base.LoadFile.processStaticTemplates(LoadFile.java:328)
	at base.LoadFile.processMatters(LoadFile.java:140)
	at base.LoadFile.main(LoadFile.java:111)

May 13, 2026 8:45:38 AM base.LoadFile processStaticTemplates
SEVERE: ProcessBase failed for template Settlement Check Letter.rtf
java.lang.NullPointerException: Cannot invoke "java.sql.Connection.createStatement()" because "base.DbConn.dbCon" is null
	at base.DbConn.execSQL(DbConn.java:186)
	at base.ProcessBase.loadSubstitutions(ProcessBase.java:83)
	at base.ProcessBase.process(ProcessBase.java:55)
	at base.LoadFile.processStaticTemplates(LoadFile.java:328)
	at base.LoadFile.processMatters(LoadFile.java:140)
	at base.LoadFile.main(LoadFile.java:111)

May 13, 2026 8:45:38 AM base.LoadFile processStaticTemplates
SEVERE: ProcessBase failed for template Staff Notes - EEOC Case Summary.rtf
java.lang.NullPointerException: Cannot invoke "java.sql.Connection.createStatement()" because "base.DbConn.dbCon" is null
	at base.DbConn.execSQL(DbConn.java:186)
	at base.ProcessBase.loadSubstitutions(ProcessBase.java:83)
	at base.ProcessBase.process(ProcessBase.java:55)
	at base.LoadFile.processStaticTemplates(LoadFile.java:328)
	at base.LoadFile.processMatters(LoadFile.java:140)
	at base.LoadFile.main(LoadFile.java:111)

May 13, 2026 8:45:39 AM base.LoadFile processStaticTemplates
SEVERE: ProcessBase failed for template Staff Notes - Revised Settlement Authority Briefing Sheet 10K or Less.rtf
java.lang.NullPointerException: Cannot invoke "java.sql.Connection.createStatement()" because "base.DbConn.dbCon" is null
	at base.DbConn.execSQL(DbConn.java:186)
	at base.ProcessBase.loadSubstitutions(ProcessBase.java:83)
	at base.ProcessBase.process(ProcessBase.java:55)
	at base.LoadFile.processStaticTemplates(LoadFile.java:328)
	at base.LoadFile.processMatters(LoadFile.java:140)
	at base.LoadFile.main(LoadFile.java:111)

May 13, 2026 8:45:39 AM base.LoadFile processStaticTemplates
SEVERE: ProcessBase failed for template Staff Notes - Case Closing Form - EEOC.rtf
java.lang.NullPointerException: Cannot invoke "java.sql.Connection.createStatement()" because "base.DbConn.dbCon" is null
	at base.DbConn.execSQL(DbConn.java:186)
	at base.ProcessBase.loadSubstitutions(ProcessBase.java:83)
	at base.ProcessBase.process(ProcessBase.java:55)
	at base.LoadFile.processStaticTemplates(LoadFile.java:328)
	at base.LoadFile.processMatters(LoadFile.java:140)
	at base.LoadFile.main(LoadFile.java:111)

May 13, 2026 8:45:39 AM base.LoadFile processStaticTemplates
SEVERE: ProcessBase failed for template Staff Notes - EEOC Initial Case Review Form.rtf
java.lang.NullPointerException: Cannot invoke "java.sql.Connection.createStatement()" because "base.DbConn.dbCon" is null
	at base.DbConn.execSQL(DbConn.java:186)
	at base.ProcessBase.loadSubstitutions(ProcessBase.java:83)
	at base.ProcessBase.process(ProcessBase.java:55)
	at base.LoadFile.processStaticTemplates(LoadFile.java:328)
	at base.LoadFile.processMatters(LoadFile.java:140)
	at base.LoadFile.main(LoadFile.java:111)

May 13, 2026 8:45:39 AM base.LoadFile processStaticTemplates
SEVERE: ProcessBase failed for template Staff Notes - EEOC Tasking Chart.rtf
java.lang.NullPointerException: Cannot invoke "java.sql.Connection.createStatement()" because "base.DbConn.dbCon" is null
	at base.DbConn.execSQL(DbConn.java:186)
	at base.ProcessBase.loadSubstitutions(ProcessBase.java:83)
	at base.ProcessBase.process(ProcessBase.java:55)
	at base.LoadFile.processStaticTemplates(LoadFile.java:328)
	at base.LoadFile.processMatters(LoadFile.java:140)
	at base.LoadFile.main(LoadFile.java:111)

May 13, 2026 9:46:38 AM base.LoadFile main
INFO: Running Legal Libs
May 13, 2026 9:46:41 AM base.LoadFile processStaticTemplates
SEVERE: ProcessBase failed for template Closing Memo EEOC.rtf
java.lang.NullPointerException: Cannot invoke "java.sql.Connection.createStatement()" because "base.DbConn.dbCon" is null
	at base.DbConn.execSQL(DbConn.java:168)
	at base.ProcessBase.loadSubstitutions(ProcessBase.java:83)
	at base.ProcessBase.process(ProcessBase.java:55)
	at base.LoadFile.processStaticTemplates(LoadFile.java:328)
	at base.LoadFile.processMatters(LoadFile.java:140)
	at base.LoadFile.main(LoadFile.java:111)

May 13, 2026 9:46:41 AM base.LoadFile processStaticTemplates
SEVERE: ProcessBase failed for template Discovery - 10-Day Letter re No Discovery Responses.rtf
java.lang.NullPointerException: Cannot invoke "java.sql.Connection.createStatement()" because "base.DbConn.dbCon" is null
	at base.DbConn.execSQL(DbConn.java:168)
	at base.ProcessBase.loadSubstitutions(ProcessBase.java:83)
	at base.ProcessBase.process(ProcessBase.java:55)
	at base.LoadFile.processStaticTemplates(LoadFile.java:328)
	at base.LoadFile.processMatters(LoadFile.java:140)
	at base.LoadFile.main(LoadFile.java:111)

May 13, 2026 9:46:41 AM base.LoadFile processStaticTemplates
SEVERE: ProcessBase failed for template Discovery - Agency Deficiency Letter.rtf
java.lang.NullPointerException: Cannot invoke "java.sql.Connection.createStatement()" because "base.DbConn.dbCon" is null
	at base.DbConn.execSQL(DbConn.java:168)
	at base.ProcessBase.loadSubstitutions(ProcessBase.java:83)
	at base.ProcessBase.process(ProcessBase.java:55)
	at base.LoadFile.processStaticTemplates(LoadFile.java:328)
	at base.LoadFile.processMatters(LoadFile.java:140)
	at base.LoadFile.main(LoadFile.java:111)

May 13, 2026 9:46:42 AM base.LoadFile processStaticTemplates
SEVERE: ProcessBase failed for template Discovery - Agency's Standard Discovery Responses.rtf
java.lang.NullPointerException: Cannot invoke "java.sql.Connection.createStatement()" because "base.DbConn.dbCon" is null
	at base.DbConn.execSQL(DbConn.java:168)
	at base.ProcessBase.loadSubstitutions(ProcessBase.java:83)
	at base.ProcessBase.process(ProcessBase.java:55)
	at base.LoadFile.processStaticTemplates(LoadFile.java:328)
	at base.LoadFile.processMatters(LoadFile.java:140)
	at base.LoadFile.main(LoadFile.java:111)

May 13, 2026 9:46:42 AM base.LoadFile processStaticTemplates
SEVERE: ProcessBase failed for template Discovery - Agency's Standard Medical Release Forms for Discovery.rtf
java.lang.NullPointerException: Cannot invoke "java.sql.Connection.createStatement()" because "base.DbConn.dbCon" is null
	at base.DbConn.execSQL(DbConn.java:168)
	at base.ProcessBase.loadSubstitutions(ProcessBase.java:83)
	at base.ProcessBase.process(ProcessBase.java:55)
	at base.LoadFile.processStaticTemplates(LoadFile.java:328)
	at base.LoadFile.processMatters(LoadFile.java:140)
	at base.LoadFile.main(LoadFile.java:111)

May 13, 2026 9:46:42 AM base.LoadFile processStaticTemplates
SEVERE: ProcessBase failed for template Discovery - Agency's Standard Written Discovery w Medical Forms.rtf
java.lang.NullPointerException: Cannot invoke "java.sql.Connection.createStatement()" because "base.DbConn.dbCon" is null
	at base.DbConn.execSQL(DbConn.java:168)
	at base.ProcessBase.loadSubstitutions(ProcessBase.java:83)
	at base.ProcessBase.process(ProcessBase.java:55)
	at base.LoadFile.processStaticTemplates(LoadFile.java:328)
	at base.LoadFile.processMatters(LoadFile.java:140)
	at base.LoadFile.main(LoadFile.java:111)

May 13, 2026 9:46:42 AM base.LoadFile processStaticTemplates
SEVERE: ProcessBase failed for template Discovery - Agency's Standard Written Discovery w-o Medical Forms.rtf
java.lang.NullPointerException: Cannot invoke "java.sql.Connection.createStatement()" because "base.DbConn.dbCon" is null
	at base.DbConn.execSQL(DbConn.java:168)
	at base.ProcessBase.loadSubstitutions(ProcessBase.java:83)
	at base.ProcessBase.process(ProcessBase.java:55)
	at base.LoadFile.processStaticTemplates(LoadFile.java:328)
	at base.LoadFile.processMatters(LoadFile.java:140)
	at base.LoadFile.main(LoadFile.java:111)

May 13, 2026 9:46:43 AM base.LoadFile processStaticTemplates
SEVERE: ProcessBase failed for template Discovery - Cover letter for med records.rtf
java.lang.NullPointerException: Cannot invoke "java.sql.Connection.createStatement()" because "base.DbConn.dbCon" is null
	at base.DbConn.execSQL(DbConn.java:168)
	at base.ProcessBase.loadSubstitutions(ProcessBase.java:83)
	at base.ProcessBase.process(ProcessBase.java:55)
	at base.LoadFile.processStaticTemplates(LoadFile.java:328)
	at base.LoadFile.processMatters(LoadFile.java:140)
	at base.LoadFile.main(LoadFile.java:111)

May 13, 2026 9:46:43 AM base.LoadFile processStaticTemplates
SEVERE: ProcessBase failed for template WO202410109_Discovery - OWCP Release Request.rtf
java.lang.NullPointerException: Cannot invoke "java.sql.Connection.createStatement()" because "base.DbConn.dbCon" is null
	at base.DbConn.execSQL(DbConn.java:168)
	at base.ProcessBase.loadSubstitutions(ProcessBase.java:83)
	at base.ProcessBase.process(ProcessBase.java:55)
	at base.LoadFile.processStaticTemplates(LoadFile.java:328)
	at base.LoadFile.processMatters(LoadFile.java:140)
	at base.LoadFile.main(LoadFile.java:111)

May 13, 2026 9:46:43 AM base.LoadFile processStaticTemplates
SEVERE: ProcessBase failed for template Discovery - OWCP Release Request.rtf
java.lang.NullPointerException: Cannot invoke "java.sql.Connection.createStatement()" because "base.DbConn.dbCon" is null
	at base.DbConn.execSQL(DbConn.java:168)
	at base.ProcessBase.loadSubstitutions(ProcessBase.java:83)
	at base.ProcessBase.process(ProcessBase.java:55)
	at base.LoadFile.processStaticTemplates(LoadFile.java:328)
	at base.LoadFile.processMatters(LoadFile.java:140)
	at base.LoadFile.main(LoadFile.java:111)

May 13, 2026 9:46:44 AM base.LoadFile processStaticTemplates
SEVERE: ProcessBase failed for template Discovery - OWCP Release Request.rtf
java.lang.NullPointerException: Cannot invoke "java.sql.Connection.createStatement()" because "base.DbConn.dbCon" is null
	at base.DbConn.execSQL(DbConn.java:168)
	at base.ProcessBase.loadSubstitutions(ProcessBase.java:83)
	at base.ProcessBase.process(ProcessBase.java:55)
	at base.LoadFile.processStaticTemplates(LoadFile.java:328)
	at base.LoadFile.processMatters(LoadFile.java:140)
	at base.LoadFile.main(LoadFile.java:111)

May 13, 2026 9:46:44 AM base.LoadFile processStaticTemplates
SEVERE: ProcessBase failed for template Discovery - OWCP Release Request.rtf
java.lang.NullPointerException: Cannot invoke "java.sql.Connection.createStatement()" because "base.DbConn.dbCon" is null
	at base.DbConn.execSQL(DbConn.java:168)
	at base.ProcessBase.loadSubstitutions(ProcessBase.java:83)
	at base.ProcessBase.process(ProcessBase.java:55)
	at base.LoadFile.processStaticTemplates(LoadFile.java:328)
	at base.LoadFile.processMatters(LoadFile.java:140)
	at base.LoadFile.main(LoadFile.java:111)

May 13, 2026 9:46:44 AM base.LoadFile processStaticTemplates
SEVERE: ProcessBase failed for template Discovery - OWCP Release Request.rtf
java.lang.NullPointerException: Cannot invoke "java.sql.Connection.createStatement()" because "base.DbConn.dbCon" is null
	at base.DbConn.execSQL(DbConn.java:168)
	at base.ProcessBase.loadSubstitutions(ProcessBase.java:83)
	at base.ProcessBase.process(ProcessBase.java:55)
	at base.LoadFile.processStaticTemplates(LoadFile.java:328)
	at base.LoadFile.processMatters(LoadFile.java:140)
	at base.LoadFile.main(LoadFile.java:111)

May 13, 2026 9:46:45 AM base.LoadFile processStaticTemplates
SEVERE: ProcessBase failed for template Discovery - Standard Depo Notice.rtf
java.lang.NullPointerException: Cannot invoke "java.sql.Connection.createStatement()" because "base.DbConn.dbCon" is null
	at base.DbConn.execSQL(DbConn.java:168)
	at base.ProcessBase.loadSubstitutions(ProcessBase.java:83)
	at base.ProcessBase.process(ProcessBase.java:55)
	at base.LoadFile.processStaticTemplates(LoadFile.java:328)
	at base.LoadFile.processMatters(LoadFile.java:140)
	at base.LoadFile.main(LoadFile.java:111)

May 13, 2026 9:46:45 AM base.LoadFile processStaticTemplates
SEVERE: ProcessBase failed for template Discovery - [FOR SF USE ONLY] - Agency's Standard Medical Release Forms for Discovery.rtf
java.lang.NullPointerException: Cannot invoke "java.sql.Connection.createStatement()" because "base.DbConn.dbCon" is null
	at base.DbConn.execSQL(DbConn.java:168)
	at base.ProcessBase.loadSubstitutions(ProcessBase.java:83)
	at base.ProcessBase.process(ProcessBase.java:55)
	at base.LoadFile.processStaticTemplates(LoadFile.java:328)
	at base.LoadFile.processMatters(LoadFile.java:140)
	at base.LoadFile.main(LoadFile.java:111)

May 13, 2026 9:46:45 AM base.LoadFile processStaticTemplates
SEVERE: ProcessBase failed for template Discovery - [FOR SF USE ONLY] - Agency's Standard Written Discovery w Medical Forms.rtf
java.lang.NullPointerException: Cannot invoke "java.sql.Connection.createStatement()" because "base.DbConn.dbCon" is null
	at base.DbConn.execSQL(DbConn.java:168)
	at base.ProcessBase.loadSubstitutions(ProcessBase.java:83)
	at base.ProcessBase.process(ProcessBase.java:55)
	at base.LoadFile.processStaticTemplates(LoadFile.java:328)
	at base.LoadFile.processMatters(LoadFile.java:140)
	at base.LoadFile.main(LoadFile.java:111)

May 13, 2026 9:46:46 AM base.LoadFile processStaticTemplates
SEVERE: ProcessBase failed for template Fax Cover Sheet - AJ.rtf
java.lang.NullPointerException: Cannot invoke "java.sql.Connection.createStatement()" because "base.DbConn.dbCon" is null
	at base.DbConn.execSQL(DbConn.java:168)
	at base.ProcessBase.loadSubstitutions(ProcessBase.java:83)
	at base.ProcessBase.process(ProcessBase.java:55)
	at base.LoadFile.processStaticTemplates(LoadFile.java:328)
	at base.LoadFile.processMatters(LoadFile.java:140)
	at base.LoadFile.main(LoadFile.java:111)

May 13, 2026 9:46:46 AM base.LoadFile processStaticTemplates
SEVERE: ProcessBase failed for template Fax Cover Sheet - Rep.rtf
java.lang.NullPointerException: Cannot invoke "java.sql.Connection.createStatement()" because "base.DbConn.dbCon" is null
	at base.DbConn.execSQL(DbConn.java:168)
	at base.ProcessBase.loadSubstitutions(ProcessBase.java:83)
	at base.ProcessBase.process(ProcessBase.java:55)
	at base.LoadFile.processStaticTemplates(LoadFile.java:328)
	at base.LoadFile.processMatters(LoadFile.java:140)
	at base.LoadFile.main(LoadFile.java:111)

May 13, 2026 9:46:46 AM base.LoadFile processStaticTemplates
SEVERE: ProcessBase failed for template Master Letterhead to AJ.rtf
java.lang.NullPointerException: Cannot invoke "java.sql.Connection.createStatement()" because "base.DbConn.dbCon" is null
	at base.DbConn.execSQL(DbConn.java:168)
	at base.ProcessBase.loadSubstitutions(ProcessBase.java:83)
	at base.ProcessBase.process(ProcessBase.java:55)
	at base.LoadFile.processStaticTemplates(LoadFile.java:328)
	at base.LoadFile.processMatters(LoadFile.java:140)
	at base.LoadFile.main(LoadFile.java:111)

May 13, 2026 9:46:47 AM base.LoadFile processStaticTemplates
SEVERE: ProcessBase failed for template Master Letterhead to Comp.rtf
java.lang.NullPointerException: Cannot invoke "java.sql.Connection.createStatement()" because "base.DbConn.dbCon" is null
	at base.DbConn.execSQL(DbConn.java:168)
	at base.ProcessBase.loadSubstitutions(ProcessBase.java:83)
	at base.ProcessBase.process(ProcessBase.java:55)
	at base.LoadFile.processStaticTemplates(LoadFile.java:328)
	at base.LoadFile.processMatters(LoadFile.java:140)
	at base.LoadFile.main(LoadFile.java:111)

May 13, 2026 9:46:47 AM base.LoadFile processStaticTemplates
SEVERE: ProcessBase failed for template Master Letterhead to Rep.rtf
java.lang.NullPointerException: Cannot invoke "java.sql.Connection.createStatement()" because "base.DbConn.dbCon" is null
	at base.DbConn.execSQL(DbConn.java:168)
	at base.ProcessBase.loadSubstitutions(ProcessBase.java:83)
	at base.ProcessBase.process(ProcessBase.java:55)
	at base.LoadFile.processStaticTemplates(LoadFile.java:328)
	at base.LoadFile.processMatters(LoadFile.java:140)
	at base.LoadFile.main(LoadFile.java:111)

May 13, 2026 9:46:48 AM base.LoadFile processStaticTemplates
SEVERE: ProcessBase failed for template OWCP Records Authorization.rtf
java.lang.NullPointerException: Cannot invoke "java.sql.Connection.createStatement()" because "base.DbConn.dbCon" is null
	at base.DbConn.execSQL(DbConn.java:168)
	at base.ProcessBase.loadSubstitutions(ProcessBase.java:83)
	at base.ProcessBase.process(ProcessBase.java:55)
	at base.LoadFile.processStaticTemplates(LoadFile.java:328)
	at base.LoadFile.processMatters(LoadFile.java:140)
	at base.LoadFile.main(LoadFile.java:111)

May 13, 2026 9:46:48 AM base.LoadFile processStaticTemplates
SEVERE: ProcessBase failed for template Pleadings - Agency's Designation of Rep.rtf
java.lang.NullPointerException: Cannot invoke "java.sql.Connection.createStatement()" because "base.DbConn.dbCon" is null
	at base.DbConn.execSQL(DbConn.java:168)
	at base.ProcessBase.loadSubstitutions(ProcessBase.java:83)
	at base.ProcessBase.process(ProcessBase.java:55)
	at base.LoadFile.processStaticTemplates(LoadFile.java:328)
	at base.LoadFile.processMatters(LoadFile.java:140)
	at base.LoadFile.main(LoadFile.java:111)

May 13, 2026 9:46:48 AM base.LoadFile processStaticTemplates
SEVERE: ProcessBase failed for template Pleadings - Agency's Motion to Compel - Proposed Order.rtf
java.lang.NullPointerException: Cannot invoke "java.sql.Connection.createStatement()" because "base.DbConn.dbCon" is null
	at base.DbConn.execSQL(DbConn.java:168)
	at base.ProcessBase.loadSubstitutions(ProcessBase.java:83)
	at base.ProcessBase.process(ProcessBase.java:55)
	at base.LoadFile.processStaticTemplates(LoadFile.java:328)
	at base.LoadFile.processMatters(LoadFile.java:140)
	at base.LoadFile.main(LoadFile.java:111)

May 13, 2026 9:46:49 AM base.LoadFile processStaticTemplates
SEVERE: ProcessBase failed for template Pleadings - Agency's Motion to Compel.rtf
java.lang.NullPointerException: Cannot invoke "java.sql.Connection.createStatement()" because "base.DbConn.dbCon" is null
	at base.DbConn.execSQL(DbConn.java:168)
	at base.ProcessBase.loadSubstitutions(ProcessBase.java:83)
	at base.ProcessBase.process(ProcessBase.java:55)
	at base.LoadFile.processStaticTemplates(LoadFile.java:328)
	at base.LoadFile.processMatters(LoadFile.java:140)
	at base.LoadFile.main(LoadFile.java:111)

May 13, 2026 9:46:49 AM base.LoadFile processStaticTemplates
SEVERE: ProcessBase failed for template Pleadings - Agency's Opposition to Appeal (No Brief by Complainant).rtf
java.lang.NullPointerException: Cannot invoke "java.sql.Connection.createStatement()" because "base.DbConn.dbCon" is null
	at base.DbConn.execSQL(DbConn.java:168)
	at base.ProcessBase.loadSubstitutions(ProcessBase.java:83)
	at base.ProcessBase.process(ProcessBase.java:55)
	at base.LoadFile.processStaticTemplates(LoadFile.java:328)
	at base.LoadFile.processMatters(LoadFile.java:140)
	at base.LoadFile.main(LoadFile.java:111)

May 13, 2026 9:46:49 AM base.LoadFile processStaticTemplates
SEVERE: ProcessBase failed for template Pleadings - Agency's Substitution Letter.rtf
java.lang.NullPointerException: Cannot invoke "java.sql.Connection.createStatement()" because "base.DbConn.dbCon" is null
	at base.DbConn.execSQL(DbConn.java:168)
	at base.ProcessBase.loadSubstitutions(ProcessBase.java:83)
	at base.ProcessBase.process(ProcessBase.java:55)
	at base.LoadFile.processStaticTemplates(LoadFile.java:328)
	at base.LoadFile.processMatters(LoadFile.java:140)
	at base.LoadFile.main(LoadFile.java:111)

May 13, 2026 9:46:49 AM base.LoadFile processStaticTemplates
SEVERE: ProcessBase failed for template Pleadings - Certificate of Service.rtf
java.lang.NullPointerException: Cannot invoke "java.sql.Connection.createStatement()" because "base.DbConn.dbCon" is null
	at base.DbConn.execSQL(DbConn.java:168)
	at base.ProcessBase.loadSubstitutions(ProcessBase.java:83)
	at base.ProcessBase.process(ProcessBase.java:55)
	at base.LoadFile.processStaticTemplates(LoadFile.java:328)
	at base.LoadFile.processMatters(LoadFile.java:140)
	at base.LoadFile.main(LoadFile.java:111)

May 13, 2026 9:46:50 AM base.LoadFile processStaticTemplates
SEVERE: ProcessBase failed for template Pleadings - LAMP - FAX ONLY.rtf
java.lang.NullPointerException: Cannot invoke "java.sql.Connection.createStatement()" because "base.DbConn.dbCon" is null
	at base.DbConn.execSQL(DbConn.java:168)
	at base.ProcessBase.loadSubstitutions(ProcessBase.java:83)
	at base.ProcessBase.process(ProcessBase.java:55)
	at base.LoadFile.processStaticTemplates(LoadFile.java:328)
	at base.LoadFile.processMatters(LoadFile.java:140)
	at base.LoadFile.main(LoadFile.java:111)

May 13, 2026 9:46:50 AM base.LoadFile processStaticTemplates
SEVERE: ProcessBase failed for template Pleadings - Master Caption.rtf
java.lang.NullPointerException: Cannot invoke "java.sql.Connection.createStatement()" because "base.DbConn.dbCon" is null
	at base.DbConn.execSQL(DbConn.java:168)
	at base.ProcessBase.loadSubstitutions(ProcessBase.java:83)
	at base.ProcessBase.process(ProcessBase.java:55)
	at base.LoadFile.processStaticTemplates(LoadFile.java:328)
	at base.LoadFile.processMatters(LoadFile.java:140)
	at base.LoadFile.main(LoadFile.java:111)

May 13, 2026 9:46:50 AM base.LoadFile processStaticTemplates
SEVERE: ProcessBase failed for template Pleadings - PCI Pleading.rtf
java.lang.NullPointerException: Cannot invoke "java.sql.Connection.createStatement()" because "base.DbConn.dbCon" is null
	at base.DbConn.execSQL(DbConn.java:168)
	at base.ProcessBase.loadSubstitutions(ProcessBase.java:83)
	at base.ProcessBase.process(ProcessBase.java:55)
	at base.LoadFile.processStaticTemplates(LoadFile.java:328)
	at base.LoadFile.processMatters(LoadFile.java:140)
	at base.LoadFile.main(LoadFile.java:111)

May 13, 2026 9:46:51 AM base.LoadFile processStaticTemplates
SEVERE: ProcessBase failed for template Pleadings - PCI Submission Form.rtf
java.lang.NullPointerException: Cannot invoke "java.sql.Connection.createStatement()" because "base.DbConn.dbCon" is null
	at base.DbConn.execSQL(DbConn.java:168)
	at base.ProcessBase.loadSubstitutions(ProcessBase.java:83)
	at base.ProcessBase.process(ProcessBase.java:55)
	at base.LoadFile.processStaticTemplates(LoadFile.java:328)
	at base.LoadFile.processMatters(LoadFile.java:140)
	at base.LoadFile.main(LoadFile.java:111)

May 13, 2026 9:46:51 AM base.LoadFile processStaticTemplates
SEVERE: ProcessBase failed for template Pleadings - Proposed Order.rtf
java.lang.NullPointerException: Cannot invoke "java.sql.Connection.createStatement()" because "base.DbConn.dbCon" is null
	at base.DbConn.execSQL(DbConn.java:168)
	at base.ProcessBase.loadSubstitutions(ProcessBase.java:83)
	at base.ProcessBase.process(ProcessBase.java:55)
	at base.LoadFile.processStaticTemplates(LoadFile.java:328)
	at base.LoadFile.processMatters(LoadFile.java:140)
	at base.LoadFile.main(LoadFile.java:111)

May 13, 2026 9:46:51 AM base.LoadFile processStaticTemplates
SEVERE: ProcessBase failed for template Privacy Act Authorization_General (eeoc).rtf
java.lang.NullPointerException: Cannot invoke "java.sql.Connection.createStatement()" because "base.DbConn.dbCon" is null
	at base.DbConn.execSQL(DbConn.java:168)
	at base.ProcessBase.loadSubstitutions(ProcessBase.java:83)
	at base.ProcessBase.process(ProcessBase.java:55)
	at base.LoadFile.processStaticTemplates(LoadFile.java:328)
	at base.LoadFile.processMatters(LoadFile.java:140)
	at base.LoadFile.main(LoadFile.java:111)

May 13, 2026 9:46:52 AM base.LoadFile processStaticTemplates
SEVERE: ProcessBase failed for template PS Form 8041 Request for Settlement Check.rtf
java.lang.NullPointerException: Cannot invoke "java.sql.Connection.createStatement()" because "base.DbConn.dbCon" is null
	at base.DbConn.execSQL(DbConn.java:168)
	at base.ProcessBase.loadSubstitutions(ProcessBase.java:83)
	at base.ProcessBase.process(ProcessBase.java:55)
	at base.LoadFile.processStaticTemplates(LoadFile.java:328)
	at base.LoadFile.processMatters(LoadFile.java:140)
	at base.LoadFile.main(LoadFile.java:111)

May 13, 2026 9:46:52 AM base.LoadFile processStaticTemplates
SEVERE: ProcessBase failed for template Request for Client Docs No Release Obtained.rtf
java.lang.NullPointerException: Cannot invoke "java.sql.Connection.createStatement()" because "base.DbConn.dbCon" is null
	at base.DbConn.execSQL(DbConn.java:168)
	at base.ProcessBase.loadSubstitutions(ProcessBase.java:83)
	at base.ProcessBase.process(ProcessBase.java:55)
	at base.LoadFile.processStaticTemplates(LoadFile.java:328)
	at base.LoadFile.processMatters(LoadFile.java:140)
	at base.LoadFile.main(LoadFile.java:111)

May 13, 2026 9:46:52 AM base.LoadFile processStaticTemplates
SEVERE: ProcessBase failed for template Request for Client Docs.rtf
java.lang.NullPointerException: Cannot invoke "java.sql.Connection.createStatement()" because "base.DbConn.dbCon" is null
	at base.DbConn.execSQL(DbConn.java:168)
	at base.ProcessBase.loadSubstitutions(ProcessBase.java:83)
	at base.ProcessBase.process(ProcessBase.java:55)
	at base.LoadFile.processStaticTemplates(LoadFile.java:328)
	at base.LoadFile.processMatters(LoadFile.java:140)
	at base.LoadFile.main(LoadFile.java:111)

May 13, 2026 9:46:52 AM base.LoadFile processStaticTemplates
SEVERE: ProcessBase failed for template Request for Medical Information.rtf
java.lang.NullPointerException: Cannot invoke "java.sql.Connection.createStatement()" because "base.DbConn.dbCon" is null
	at base.DbConn.execSQL(DbConn.java:168)
	at base.ProcessBase.loadSubstitutions(ProcessBase.java:83)
	at base.ProcessBase.process(ProcessBase.java:55)
	at base.LoadFile.processStaticTemplates(LoadFile.java:328)
	at base.LoadFile.processMatters(LoadFile.java:140)
	at base.LoadFile.main(LoadFile.java:111)

May 13, 2026 9:46:53 AM base.LoadFile processStaticTemplates
SEVERE: ProcessBase failed for template Settlement Agreement and General Release - EEOC (Macro version).rtf
java.lang.NullPointerException: Cannot invoke "java.sql.Connection.createStatement()" because "base.DbConn.dbCon" is null
	at base.DbConn.execSQL(DbConn.java:168)
	at base.ProcessBase.loadSubstitutions(ProcessBase.java:83)
	at base.ProcessBase.process(ProcessBase.java:55)
	at base.LoadFile.processStaticTemplates(LoadFile.java:328)
	at base.LoadFile.processMatters(LoadFile.java:140)
	at base.LoadFile.main(LoadFile.java:111)

May 13, 2026 9:46:53 AM base.LoadFile processStaticTemplates
SEVERE: ProcessBase failed for template Settlement Check Letter.rtf
java.lang.NullPointerException: Cannot invoke "java.sql.Connection.createStatement()" because "base.DbConn.dbCon" is null
	at base.DbConn.execSQL(DbConn.java:168)
	at base.ProcessBase.loadSubstitutions(ProcessBase.java:83)
	at base.ProcessBase.process(ProcessBase.java:55)
	at base.LoadFile.processStaticTemplates(LoadFile.java:328)
	at base.LoadFile.processMatters(LoadFile.java:140)
	at base.LoadFile.main(LoadFile.java:111)

May 13, 2026 9:46:53 AM base.LoadFile processStaticTemplates
SEVERE: ProcessBase failed for template Staff Notes - EEOC Case Summary.rtf
java.lang.NullPointerException: Cannot invoke "java.sql.Connection.createStatement()" because "base.DbConn.dbCon" is null
	at base.DbConn.execSQL(DbConn.java:168)
	at base.ProcessBase.loadSubstitutions(ProcessBase.java:83)
	at base.ProcessBase.process(ProcessBase.java:55)
	at base.LoadFile.processStaticTemplates(LoadFile.java:328)
	at base.LoadFile.processMatters(LoadFile.java:140)
	at base.LoadFile.main(LoadFile.java:111)

May 13, 2026 9:46:54 AM base.LoadFile processStaticTemplates
SEVERE: ProcessBase failed for template Staff Notes - Revised Settlement Authority Briefing Sheet 10K or Less.rtf
java.lang.NullPointerException: Cannot invoke "java.sql.Connection.createStatement()" because "base.DbConn.dbCon" is null
	at base.DbConn.execSQL(DbConn.java:168)
	at base.ProcessBase.loadSubstitutions(ProcessBase.java:83)
	at base.ProcessBase.process(ProcessBase.java:55)
	at base.LoadFile.processStaticTemplates(LoadFile.java:328)
	at base.LoadFile.processMatters(LoadFile.java:140)
	at base.LoadFile.main(LoadFile.java:111)

May 13, 2026 9:46:54 AM base.LoadFile processStaticTemplates
SEVERE: ProcessBase failed for template Staff Notes - Case Closing Form - EEOC.rtf
java.lang.NullPointerException: Cannot invoke "java.sql.Connection.createStatement()" because "base.DbConn.dbCon" is null
	at base.DbConn.execSQL(DbConn.java:168)
	at base.ProcessBase.loadSubstitutions(ProcessBase.java:83)
	at base.ProcessBase.process(ProcessBase.java:55)
	at base.LoadFile.processStaticTemplates(LoadFile.java:328)
	at base.LoadFile.processMatters(LoadFile.java:140)
	at base.LoadFile.main(LoadFile.java:111)

May 13, 2026 9:46:54 AM base.LoadFile processStaticTemplates
SEVERE: ProcessBase failed for template Staff Notes - EEOC Initial Case Review Form.rtf
java.lang.NullPointerException: Cannot invoke "java.sql.Connection.createStatement()" because "base.DbConn.dbCon" is null
	at base.DbConn.execSQL(DbConn.java:168)
	at base.ProcessBase.loadSubstitutions(ProcessBase.java:83)
	at base.ProcessBase.process(ProcessBase.java:55)
	at base.LoadFile.processStaticTemplates(LoadFile.java:328)
	at base.LoadFile.processMatters(LoadFile.java:140)
	at base.LoadFile.main(LoadFile.java:111)

May 13, 2026 9:46:55 AM base.LoadFile processStaticTemplates
SEVERE: ProcessBase failed for template Staff Notes - EEOC Tasking Chart.rtf
java.lang.NullPointerException: Cannot invoke "java.sql.Connection.createStatement()" because "base.DbConn.dbCon" is null
	at base.DbConn.execSQL(DbConn.java:168)
	at base.ProcessBase.loadSubstitutions(ProcessBase.java:83)
	at base.ProcessBase.process(ProcessBase.java:55)
	at base.LoadFile.processStaticTemplates(LoadFile.java:328)
	at base.LoadFile.processMatters(LoadFile.java:140)
	at base.LoadFile.main(LoadFile.java:111)

May 13, 2026 10:44:49 AM base.LoadFile main
INFO: Running Legal Libs
May 13, 2026 10:44:52 AM base.LoadFile processStaticTemplates
SEVERE: ProcessBase failed for template Closing Memo EEOC.rtf
java.lang.NullPointerException: Cannot invoke "java.sql.Connection.createStatement()" because "base.DbConn.dbCon" is null
	at base.DbConn.execSQL(DbConn.java:182)
	at base.ProcessBase.loadSubstitutions(ProcessBase.java:83)
	at base.ProcessBase.process(ProcessBase.java:55)
	at base.LoadFile.processStaticTemplates(LoadFile.java:328)
	at base.LoadFile.processMatters(LoadFile.java:140)
	at base.LoadFile.main(LoadFile.java:111)

May 13, 2026 10:44:52 AM base.LoadFile processStaticTemplates
SEVERE: ProcessBase failed for template Discovery - 10-Day Letter re No Discovery Responses.rtf
java.lang.NullPointerException: Cannot invoke "java.sql.Connection.createStatement()" because "base.DbConn.dbCon" is null
	at base.DbConn.execSQL(DbConn.java:182)
	at base.ProcessBase.loadSubstitutions(ProcessBase.java:83)
	at base.ProcessBase.process(ProcessBase.java:55)
	at base.LoadFile.processStaticTemplates(LoadFile.java:328)
	at base.LoadFile.processMatters(LoadFile.java:140)
	at base.LoadFile.main(LoadFile.java:111)

May 13, 2026 10:44:52 AM base.LoadFile processStaticTemplates
SEVERE: ProcessBase failed for template Discovery - Agency Deficiency Letter.rtf
java.lang.NullPointerException: Cannot invoke "java.sql.Connection.createStatement()" because "base.DbConn.dbCon" is null
	at base.DbConn.execSQL(DbConn.java:182)
	at base.ProcessBase.loadSubstitutions(ProcessBase.java:83)
	at base.ProcessBase.process(ProcessBase.java:55)
	at base.LoadFile.processStaticTemplates(LoadFile.java:328)
	at base.LoadFile.processMatters(LoadFile.java:140)
	at base.LoadFile.main(LoadFile.java:111)

May 13, 2026 10:44:52 AM base.LoadFile processStaticTemplates
SEVERE: ProcessBase failed for template Discovery - Agency's Standard Discovery Responses.rtf
java.lang.NullPointerException: Cannot invoke "java.sql.Connection.createStatement()" because "base.DbConn.dbCon" is null
	at base.DbConn.execSQL(DbConn.java:182)
	at base.ProcessBase.loadSubstitutions(ProcessBase.java:83)
	at base.ProcessBase.process(ProcessBase.java:55)
	at base.LoadFile.processStaticTemplates(LoadFile.java:328)
	at base.LoadFile.processMatters(LoadFile.java:140)
	at base.LoadFile.main(LoadFile.java:111)

May 13, 2026 10:44:53 AM base.LoadFile processStaticTemplates
SEVERE: ProcessBase failed for template Discovery - Agency's Standard Medical Release Forms for Discovery.rtf
java.lang.NullPointerException: Cannot invoke "java.sql.Connection.createStatement()" because "base.DbConn.dbCon" is null
	at base.DbConn.execSQL(DbConn.java:182)
	at base.ProcessBase.loadSubstitutions(ProcessBase.java:83)
	at base.ProcessBase.process(ProcessBase.java:55)
	at base.LoadFile.processStaticTemplates(LoadFile.java:328)
	at base.LoadFile.processMatters(LoadFile.java:140)
	at base.LoadFile.main(LoadFile.java:111)

May 13, 2026 10:44:53 AM base.LoadFile processStaticTemplates
SEVERE: ProcessBase failed for template Discovery - Agency's Standard Written Discovery w Medical Forms.rtf
java.lang.NullPointerException: Cannot invoke "java.sql.Connection.createStatement()" because "base.DbConn.dbCon" is null
	at base.DbConn.execSQL(DbConn.java:182)
	at base.ProcessBase.loadSubstitutions(ProcessBase.java:83)
	at base.ProcessBase.process(ProcessBase.java:55)
	at base.LoadFile.processStaticTemplates(LoadFile.java:328)
	at base.LoadFile.processMatters(LoadFile.java:140)
	at base.LoadFile.main(LoadFile.java:111)

May 13, 2026 10:44:53 AM base.LoadFile processStaticTemplates
SEVERE: ProcessBase failed for template Discovery - Agency's Standard Written Discovery w-o Medical Forms.rtf
java.lang.NullPointerException: Cannot invoke "java.sql.Connection.createStatement()" because "base.DbConn.dbCon" is null
	at base.DbConn.execSQL(DbConn.java:182)
	at base.ProcessBase.loadSubstitutions(ProcessBase.java:83)
	at base.ProcessBase.process(ProcessBase.java:55)
	at base.LoadFile.processStaticTemplates(LoadFile.java:328)
	at base.LoadFile.processMatters(LoadFile.java:140)
	at base.LoadFile.main(LoadFile.java:111)

May 13, 2026 10:44:54 AM base.LoadFile processStaticTemplates
SEVERE: ProcessBase failed for template Discovery - Cover letter for med records.rtf
java.lang.NullPointerException: Cannot invoke "java.sql.Connection.createStatement()" because "base.DbConn.dbCon" is null
	at base.DbConn.execSQL(DbConn.java:182)
	at base.ProcessBase.loadSubstitutions(ProcessBase.java:83)
	at base.ProcessBase.process(ProcessBase.java:55)
	at base.LoadFile.processStaticTemplates(LoadFile.java:328)
	at base.LoadFile.processMatters(LoadFile.java:140)
	at base.LoadFile.main(LoadFile.java:111)

May 13, 2026 10:44:54 AM base.LoadFile processStaticTemplates
SEVERE: ProcessBase failed for template WO202410109_Discovery - OWCP Release Request.rtf
java.lang.NullPointerException: Cannot invoke "java.sql.Connection.createStatement()" because "base.DbConn.dbCon" is null
	at base.DbConn.execSQL(DbConn.java:182)
	at base.ProcessBase.loadSubstitutions(ProcessBase.java:83)
	at base.ProcessBase.process(ProcessBase.java:55)
	at base.LoadFile.processStaticTemplates(LoadFile.java:328)
	at base.LoadFile.processMatters(LoadFile.java:140)
	at base.LoadFile.main(LoadFile.java:111)

May 13, 2026 10:44:54 AM base.LoadFile processStaticTemplates
SEVERE: ProcessBase failed for template Discovery - OWCP Release Request.rtf
java.lang.NullPointerException: Cannot invoke "java.sql.Connection.createStatement()" because "base.DbConn.dbCon" is null
	at base.DbConn.execSQL(DbConn.java:182)
	at base.ProcessBase.loadSubstitutions(ProcessBase.java:83)
	at base.ProcessBase.process(ProcessBase.java:55)
	at base.LoadFile.processStaticTemplates(LoadFile.java:328)
	at base.LoadFile.processMatters(LoadFile.java:140)
	at base.LoadFile.main(LoadFile.java:111)

May 13, 2026 10:44:55 AM base.LoadFile processStaticTemplates
SEVERE: ProcessBase failed for template Discovery - OWCP Release Request.rtf
java.lang.NullPointerException: Cannot invoke "java.sql.Connection.createStatement()" because "base.DbConn.dbCon" is null
	at base.DbConn.execSQL(DbConn.java:182)
	at base.ProcessBase.loadSubstitutions(ProcessBase.java:83)
	at base.ProcessBase.process(ProcessBase.java:55)
	at base.LoadFile.processStaticTemplates(LoadFile.java:328)
	at base.LoadFile.processMatters(LoadFile.java:140)
	at base.LoadFile.main(LoadFile.java:111)

May 13, 2026 10:44:55 AM base.LoadFile processStaticTemplates
SEVERE: ProcessBase failed for template Discovery - OWCP Release Request.rtf
java.lang.NullPointerException: Cannot invoke "java.sql.Connection.createStatement()" because "base.DbConn.dbCon" is null
	at base.DbConn.execSQL(DbConn.java:182)
	at base.ProcessBase.loadSubstitutions(ProcessBase.java:83)
	at base.ProcessBase.process(ProcessBase.java:55)
	at base.LoadFile.processStaticTemplates(LoadFile.java:328)
	at base.LoadFile.processMatters(LoadFile.java:140)
	at base.LoadFile.main(LoadFile.java:111)

May 13, 2026 10:44:55 AM base.LoadFile processStaticTemplates
SEVERE: ProcessBase failed for template Discovery - OWCP Release Request.rtf
java.lang.NullPointerException: Cannot invoke "java.sql.Connection.createStatement()" because "base.DbConn.dbCon" is null
	at base.DbConn.execSQL(DbConn.java:182)
	at base.ProcessBase.loadSubstitutions(ProcessBase.java:83)
	at base.ProcessBase.process(ProcessBase.java:55)
	at base.LoadFile.processStaticTemplates(LoadFile.java:328)
	at base.LoadFile.processMatters(LoadFile.java:140)
	at base.LoadFile.main(LoadFile.java:111)

May 13, 2026 10:44:56 AM base.LoadFile processStaticTemplates
SEVERE: ProcessBase failed for template Discovery - Standard Depo Notice.rtf
java.lang.NullPointerException: Cannot invoke "java.sql.Connection.createStatement()" because "base.DbConn.dbCon" is null
	at base.DbConn.execSQL(DbConn.java:182)
	at base.ProcessBase.loadSubstitutions(ProcessBase.java:83)
	at base.ProcessBase.process(ProcessBase.java:55)
	at base.LoadFile.processStaticTemplates(LoadFile.java:328)
	at base.LoadFile.processMatters(LoadFile.java:140)
	at base.LoadFile.main(LoadFile.java:111)

May 13, 2026 10:44:56 AM base.LoadFile processStaticTemplates
SEVERE: ProcessBase failed for template Discovery - [FOR SF USE ONLY] - Agency's Standard Medical Release Forms for Discovery.rtf
java.lang.NullPointerException: Cannot invoke "java.sql.Connection.createStatement()" because "base.DbConn.dbCon" is null
	at base.DbConn.execSQL(DbConn.java:182)
	at base.ProcessBase.loadSubstitutions(ProcessBase.java:83)
	at base.ProcessBase.process(ProcessBase.java:55)
	at base.LoadFile.processStaticTemplates(LoadFile.java:328)
	at base.LoadFile.processMatters(LoadFile.java:140)
	at base.LoadFile.main(LoadFile.java:111)

May 13, 2026 10:44:56 AM base.LoadFile processStaticTemplates
SEVERE: ProcessBase failed for template Discovery - [FOR SF USE ONLY] - Agency's Standard Written Discovery w Medical Forms.rtf
java.lang.NullPointerException: Cannot invoke "java.sql.Connection.createStatement()" because "base.DbConn.dbCon" is null
	at base.DbConn.execSQL(DbConn.java:182)
	at base.ProcessBase.loadSubstitutions(ProcessBase.java:83)
	at base.ProcessBase.process(ProcessBase.java:55)
	at base.LoadFile.processStaticTemplates(LoadFile.java:328)
	at base.LoadFile.processMatters(LoadFile.java:140)
	at base.LoadFile.main(LoadFile.java:111)

May 13, 2026 10:44:56 AM base.LoadFile processStaticTemplates
SEVERE: ProcessBase failed for template Fax Cover Sheet - AJ.rtf
java.lang.NullPointerException: Cannot invoke "java.sql.Connection.createStatement()" because "base.DbConn.dbCon" is null
	at base.DbConn.execSQL(DbConn.java:182)
	at base.ProcessBase.loadSubstitutions(ProcessBase.java:83)
	at base.ProcessBase.process(ProcessBase.java:55)
	at base.LoadFile.processStaticTemplates(LoadFile.java:328)
	at base.LoadFile.processMatters(LoadFile.java:140)
	at base.LoadFile.main(LoadFile.java:111)

May 13, 2026 10:44:57 AM base.LoadFile processStaticTemplates
SEVERE: ProcessBase failed for template Fax Cover Sheet - Rep.rtf
java.lang.NullPointerException: Cannot invoke "java.sql.Connection.createStatement()" because "base.DbConn.dbCon" is null
	at base.DbConn.execSQL(DbConn.java:182)
	at base.ProcessBase.loadSubstitutions(ProcessBase.java:83)
	at base.ProcessBase.process(ProcessBase.java:55)
	at base.LoadFile.processStaticTemplates(LoadFile.java:328)
	at base.LoadFile.processMatters(LoadFile.java:140)
	at base.LoadFile.main(LoadFile.java:111)

May 13, 2026 10:44:57 AM base.LoadFile processStaticTemplates
SEVERE: ProcessBase failed for template Master Letterhead to AJ.rtf
java.lang.NullPointerException: Cannot invoke "java.sql.Connection.createStatement()" because "base.DbConn.dbCon" is null
	at base.DbConn.execSQL(DbConn.java:182)
	at base.ProcessBase.loadSubstitutions(ProcessBase.java:83)
	at base.ProcessBase.process(ProcessBase.java:55)
	at base.LoadFile.processStaticTemplates(LoadFile.java:328)
	at base.LoadFile.processMatters(LoadFile.java:140)
	at base.LoadFile.main(LoadFile.java:111)

May 13, 2026 10:44:57 AM base.LoadFile processStaticTemplates
SEVERE: ProcessBase failed for template Master Letterhead to Comp.rtf
java.lang.NullPointerException: Cannot invoke "java.sql.Connection.createStatement()" because "base.DbConn.dbCon" is null
	at base.DbConn.execSQL(DbConn.java:182)
	at base.ProcessBase.loadSubstitutions(ProcessBase.java:83)
	at base.ProcessBase.process(ProcessBase.java:55)
	at base.LoadFile.processStaticTemplates(LoadFile.java:328)
	at base.LoadFile.processMatters(LoadFile.java:140)
	at base.LoadFile.main(LoadFile.java:111)

May 13, 2026 10:44:58 AM base.LoadFile processStaticTemplates
SEVERE: ProcessBase failed for template Master Letterhead to Rep.rtf
java.lang.NullPointerException: Cannot invoke "java.sql.Connection.createStatement()" because "base.DbConn.dbCon" is null
	at base.DbConn.execSQL(DbConn.java:182)
	at base.ProcessBase.loadSubstitutions(ProcessBase.java:83)
	at base.ProcessBase.process(ProcessBase.java:55)
	at base.LoadFile.processStaticTemplates(LoadFile.java:328)
	at base.LoadFile.processMatters(LoadFile.java:140)
	at base.LoadFile.main(LoadFile.java:111)

May 13, 2026 10:44:58 AM base.LoadFile processStaticTemplates
SEVERE: ProcessBase failed for template OWCP Records Authorization.rtf
java.lang.NullPointerException: Cannot invoke "java.sql.Connection.createStatement()" because "base.DbConn.dbCon" is null
	at base.DbConn.execSQL(DbConn.java:182)
	at base.ProcessBase.loadSubstitutions(ProcessBase.java:83)
	at base.ProcessBase.process(ProcessBase.java:55)
	at base.LoadFile.processStaticTemplates(LoadFile.java:328)
	at base.LoadFile.processMatters(LoadFile.java:140)
	at base.LoadFile.main(LoadFile.java:111)

May 13, 2026 10:44:58 AM base.LoadFile processStaticTemplates
SEVERE: ProcessBase failed for template Pleadings - Agency's Designation of Rep.rtf
java.lang.NullPointerException: Cannot invoke "java.sql.Connection.createStatement()" because "base.DbConn.dbCon" is null
	at base.DbConn.execSQL(DbConn.java:182)
	at base.ProcessBase.loadSubstitutions(ProcessBase.java:83)
	at base.ProcessBase.process(ProcessBase.java:55)
	at base.LoadFile.processStaticTemplates(LoadFile.java:328)
	at base.LoadFile.processMatters(LoadFile.java:140)
	at base.LoadFile.main(LoadFile.java:111)

May 13, 2026 10:44:59 AM base.LoadFile processStaticTemplates
SEVERE: ProcessBase failed for template Pleadings - Agency's Motion to Compel - Proposed Order.rtf
java.lang.NullPointerException: Cannot invoke "java.sql.Connection.createStatement()" because "base.DbConn.dbCon" is null
	at base.DbConn.execSQL(DbConn.java:182)
	at base.ProcessBase.loadSubstitutions(ProcessBase.java:83)
	at base.ProcessBase.process(ProcessBase.java:55)
	at base.LoadFile.processStaticTemplates(LoadFile.java:328)
	at base.LoadFile.processMatters(LoadFile.java:140)
	at base.LoadFile.main(LoadFile.java:111)

May 13, 2026 10:44:59 AM base.LoadFile processStaticTemplates
SEVERE: ProcessBase failed for template Pleadings - Agency's Motion to Compel.rtf
java.lang.NullPointerException: Cannot invoke "java.sql.Connection.createStatement()" because "base.DbConn.dbCon" is null
	at base.DbConn.execSQL(DbConn.java:182)
	at base.ProcessBase.loadSubstitutions(ProcessBase.java:83)
	at base.ProcessBase.process(ProcessBase.java:55)
	at base.LoadFile.processStaticTemplates(LoadFile.java:328)
	at base.LoadFile.processMatters(LoadFile.java:140)
	at base.LoadFile.main(LoadFile.java:111)

May 13, 2026 10:44:59 AM base.LoadFile processStaticTemplates
SEVERE: ProcessBase failed for template Pleadings - Agency's Opposition to Appeal (No Brief by Complainant).rtf
java.lang.NullPointerException: Cannot invoke "java.sql.Connection.createStatement()" because "base.DbConn.dbCon" is null
	at base.DbConn.execSQL(DbConn.java:182)
	at base.ProcessBase.loadSubstitutions(ProcessBase.java:83)
	at base.ProcessBase.process(ProcessBase.java:55)
	at base.LoadFile.processStaticTemplates(LoadFile.java:328)
	at base.LoadFile.processMatters(LoadFile.java:140)
	at base.LoadFile.main(LoadFile.java:111)

May 13, 2026 10:45:00 AM base.LoadFile processStaticTemplates
SEVERE: ProcessBase failed for template Pleadings - Agency's Substitution Letter.rtf
java.lang.NullPointerException: Cannot invoke "java.sql.Connection.createStatement()" because "base.DbConn.dbCon" is null
	at base.DbConn.execSQL(DbConn.java:182)
	at base.ProcessBase.loadSubstitutions(ProcessBase.java:83)
	at base.ProcessBase.process(ProcessBase.java:55)
	at base.LoadFile.processStaticTemplates(LoadFile.java:328)
	at base.LoadFile.processMatters(LoadFile.java:140)
	at base.LoadFile.main(LoadFile.java:111)

May 13, 2026 10:45:00 AM base.LoadFile processStaticTemplates
SEVERE: ProcessBase failed for template Pleadings - Certificate of Service.rtf
java.lang.NullPointerException: Cannot invoke "java.sql.Connection.createStatement()" because "base.DbConn.dbCon" is null
	at base.DbConn.execSQL(DbConn.java:182)
	at base.ProcessBase.loadSubstitutions(ProcessBase.java:83)
	at base.ProcessBase.process(ProcessBase.java:55)
	at base.LoadFile.processStaticTemplates(LoadFile.java:328)
	at base.LoadFile.processMatters(LoadFile.java:140)
	at base.LoadFile.main(LoadFile.java:111)

May 13, 2026 10:45:00 AM base.LoadFile processStaticTemplates
SEVERE: ProcessBase failed for template Pleadings - LAMP - FAX ONLY.rtf
java.lang.NullPointerException: Cannot invoke "java.sql.Connection.createStatement()" because "base.DbConn.dbCon" is null
	at base.DbConn.execSQL(DbConn.java:182)
	at base.ProcessBase.loadSubstitutions(ProcessBase.java:83)
	at base.ProcessBase.process(ProcessBase.java:55)
	at base.LoadFile.processStaticTemplates(LoadFile.java:328)
	at base.LoadFile.processMatters(LoadFile.java:140)
	at base.LoadFile.main(LoadFile.java:111)

May 13, 2026 10:45:00 AM base.LoadFile processStaticTemplates
SEVERE: ProcessBase failed for template Pleadings - Master Caption.rtf
java.lang.NullPointerException: Cannot invoke "java.sql.Connection.createStatement()" because "base.DbConn.dbCon" is null
	at base.DbConn.execSQL(DbConn.java:182)
	at base.ProcessBase.loadSubstitutions(ProcessBase.java:83)
	at base.ProcessBase.process(ProcessBase.java:55)
	at base.LoadFile.processStaticTemplates(LoadFile.java:328)
	at base.LoadFile.processMatters(LoadFile.java:140)
	at base.LoadFile.main(LoadFile.java:111)

May 13, 2026 10:45:01 AM base.LoadFile processStaticTemplates
SEVERE: ProcessBase failed for template Pleadings - PCI Pleading.rtf
java.lang.NullPointerException: Cannot invoke "java.sql.Connection.createStatement()" because "base.DbConn.dbCon" is null
	at base.DbConn.execSQL(DbConn.java:182)
	at base.ProcessBase.loadSubstitutions(ProcessBase.java:83)
	at base.ProcessBase.process(ProcessBase.java:55)
	at base.LoadFile.processStaticTemplates(LoadFile.java:328)
	at base.LoadFile.processMatters(LoadFile.java:140)
	at base.LoadFile.main(LoadFile.java:111)

May 13, 2026 10:45:01 AM base.LoadFile processStaticTemplates
SEVERE: ProcessBase failed for template Pleadings - PCI Submission Form.rtf
java.lang.NullPointerException: Cannot invoke "java.sql.Connection.createStatement()" because "base.DbConn.dbCon" is null
	at base.DbConn.execSQL(DbConn.java:182)
	at base.ProcessBase.loadSubstitutions(ProcessBase.java:83)
	at base.ProcessBase.process(ProcessBase.java:55)
	at base.LoadFile.processStaticTemplates(LoadFile.java:328)
	at base.LoadFile.processMatters(LoadFile.java:140)
	at base.LoadFile.main(LoadFile.java:111)

May 13, 2026 10:45:01 AM base.LoadFile processStaticTemplates
SEVERE: ProcessBase failed for template Pleadings - Proposed Order.rtf
java.lang.NullPointerException: Cannot invoke "java.sql.Connection.createStatement()" because "base.DbConn.dbCon" is null
	at base.DbConn.execSQL(DbConn.java:182)
	at base.ProcessBase.loadSubstitutions(ProcessBase.java:83)
	at base.ProcessBase.process(ProcessBase.java:55)
	at base.LoadFile.processStaticTemplates(LoadFile.java:328)
	at base.LoadFile.processMatters(LoadFile.java:140)
	at base.LoadFile.main(LoadFile.java:111)

May 13, 2026 10:45:02 AM base.LoadFile processStaticTemplates
SEVERE: ProcessBase failed for template Privacy Act Authorization_General (eeoc).rtf
java.lang.NullPointerException: Cannot invoke "java.sql.Connection.createStatement()" because "base.DbConn.dbCon" is null
	at base.DbConn.execSQL(DbConn.java:182)
	at base.ProcessBase.loadSubstitutions(ProcessBase.java:83)
	at base.ProcessBase.process(ProcessBase.java:55)
	at base.LoadFile.processStaticTemplates(LoadFile.java:328)
	at base.LoadFile.processMatters(LoadFile.java:140)
	at base.LoadFile.main(LoadFile.java:111)

May 13, 2026 10:45:02 AM base.LoadFile processStaticTemplates
SEVERE: ProcessBase failed for template PS Form 8041 Request for Settlement Check.rtf
java.lang.NullPointerException: Cannot invoke "java.sql.Connection.createStatement()" because "base.DbConn.dbCon" is null
	at base.DbConn.execSQL(DbConn.java:182)
	at base.ProcessBase.loadSubstitutions(ProcessBase.java:83)
	at base.ProcessBase.process(ProcessBase.java:55)
	at base.LoadFile.processStaticTemplates(LoadFile.java:328)
	at base.LoadFile.processMatters(LoadFile.java:140)
	at base.LoadFile.main(LoadFile.java:111)

May 13, 2026 10:45:02 AM base.LoadFile processStaticTemplates
SEVERE: ProcessBase failed for template Request for Client Docs No Release Obtained.rtf
java.lang.NullPointerException: Cannot invoke "java.sql.Connection.createStatement()" because "base.DbConn.dbCon" is null
	at base.DbConn.execSQL(DbConn.java:182)
	at base.ProcessBase.loadSubstitutions(ProcessBase.java:83)
	at base.ProcessBase.process(ProcessBase.java:55)
	at base.LoadFile.processStaticTemplates(LoadFile.java:328)
	at base.LoadFile.processMatters(LoadFile.java:140)
	at base.LoadFile.main(LoadFile.java:111)

May 13, 2026 10:45:03 AM base.LoadFile processStaticTemplates
SEVERE: ProcessBase failed for template Request for Client Docs.rtf
java.lang.NullPointerException: Cannot invoke "java.sql.Connection.createStatement()" because "base.DbConn.dbCon" is null
	at base.DbConn.execSQL(DbConn.java:182)
	at base.ProcessBase.loadSubstitutions(ProcessBase.java:83)
	at base.ProcessBase.process(ProcessBase.java:55)
	at base.LoadFile.processStaticTemplates(LoadFile.java:328)
	at base.LoadFile.processMatters(LoadFile.java:140)
	at base.LoadFile.main(LoadFile.java:111)

May 13, 2026 10:45:03 AM base.LoadFile processStaticTemplates
SEVERE: ProcessBase failed for template Request for Medical Information.rtf
java.lang.NullPointerException: Cannot invoke "java.sql.Connection.createStatement()" because "base.DbConn.dbCon" is null
	at base.DbConn.execSQL(DbConn.java:182)
	at base.ProcessBase.loadSubstitutions(ProcessBase.java:83)
	at base.ProcessBase.process(ProcessBase.java:55)
	at base.LoadFile.processStaticTemplates(LoadFile.java:328)
	at base.LoadFile.processMatters(LoadFile.java:140)
	at base.LoadFile.main(LoadFile.java:111)

May 13, 2026 10:45:03 AM base.LoadFile processStaticTemplates
SEVERE: ProcessBase failed for template Settlement Agreement and General Release - EEOC (Macro version).rtf
java.lang.NullPointerException: Cannot invoke "java.sql.Connection.createStatement()" because "base.DbConn.dbCon" is null
	at base.DbConn.execSQL(DbConn.java:182)
	at base.ProcessBase.loadSubstitutions(ProcessBase.java:83)
	at base.ProcessBase.process(ProcessBase.java:55)
	at base.LoadFile.processStaticTemplates(LoadFile.java:328)
	at base.LoadFile.processMatters(LoadFile.java:140)
	at base.LoadFile.main(LoadFile.java:111)

May 13, 2026 10:45:03 AM base.LoadFile processStaticTemplates
SEVERE: ProcessBase failed for template Settlement Check Letter.rtf
java.lang.NullPointerException: Cannot invoke "java.sql.Connection.createStatement()" because "base.DbConn.dbCon" is null
	at base.DbConn.execSQL(DbConn.java:182)
	at base.ProcessBase.loadSubstitutions(ProcessBase.java:83)
	at base.ProcessBase.process(ProcessBase.java:55)
	at base.LoadFile.processStaticTemplates(LoadFile.java:328)
	at base.LoadFile.processMatters(LoadFile.java:140)
	at base.LoadFile.main(LoadFile.java:111)

May 13, 2026 10:45:04 AM base.LoadFile processStaticTemplates
SEVERE: ProcessBase failed for template Staff Notes - EEOC Case Summary.rtf
java.lang.NullPointerException: Cannot invoke "java.sql.Connection.createStatement()" because "base.DbConn.dbCon" is null
	at base.DbConn.execSQL(DbConn.java:182)
	at base.ProcessBase.loadSubstitutions(ProcessBase.java:83)
	at base.ProcessBase.process(ProcessBase.java:55)
	at base.LoadFile.processStaticTemplates(LoadFile.java:328)
	at base.LoadFile.processMatters(LoadFile.java:140)
	at base.LoadFile.main(LoadFile.java:111)

May 13, 2026 10:45:04 AM base.LoadFile processStaticTemplates
SEVERE: ProcessBase failed for template Staff Notes - Revised Settlement Authority Briefing Sheet 10K or Less.rtf
java.lang.NullPointerException: Cannot invoke "java.sql.Connection.createStatement()" because "base.DbConn.dbCon" is null
	at base.DbConn.execSQL(DbConn.java:182)
	at base.ProcessBase.loadSubstitutions(ProcessBase.java:83)
	at base.ProcessBase.process(ProcessBase.java:55)
	at base.LoadFile.processStaticTemplates(LoadFile.java:328)
	at base.LoadFile.processMatters(LoadFile.java:140)
	at base.LoadFile.main(LoadFile.java:111)

May 13, 2026 10:45:04 AM base.LoadFile processStaticTemplates
SEVERE: ProcessBase failed for template Staff Notes - Case Closing Form - EEOC.rtf
java.lang.NullPointerException: Cannot invoke "java.sql.Connection.createStatement()" because "base.DbConn.dbCon" is null
	at base.DbConn.execSQL(DbConn.java:182)
	at base.ProcessBase.loadSubstitutions(ProcessBase.java:83)
	at base.ProcessBase.process(ProcessBase.java:55)
	at base.LoadFile.processStaticTemplates(LoadFile.java:328)
	at base.LoadFile.processMatters(LoadFile.java:140)
	at base.LoadFile.main(LoadFile.java:111)

May 13, 2026 10:45:05 AM base.LoadFile processStaticTemplates
SEVERE: ProcessBase failed for template Staff Notes - EEOC Initial Case Review Form.rtf
java.lang.NullPointerException: Cannot invoke "java.sql.Connection.createStatement()" because "base.DbConn.dbCon" is null
	at base.DbConn.execSQL(DbConn.java:182)
	at base.ProcessBase.loadSubstitutions(ProcessBase.java:83)
	at base.ProcessBase.process(ProcessBase.java:55)
	at base.LoadFile.processStaticTemplates(LoadFile.java:328)
	at base.LoadFile.processMatters(LoadFile.java:140)
	at base.LoadFile.main(LoadFile.java:111)

May 13, 2026 10:45:05 AM base.LoadFile processStaticTemplates
SEVERE: ProcessBase failed for template Staff Notes - EEOC Tasking Chart.rtf
java.lang.NullPointerException: Cannot invoke "java.sql.Connection.createStatement()" because "base.DbConn.dbCon" is null
	at base.DbConn.execSQL(DbConn.java:182)
	at base.ProcessBase.loadSubstitutions(ProcessBase.java:83)
	at base.ProcessBase.process(ProcessBase.java:55)
	at base.LoadFile.processStaticTemplates(LoadFile.java:328)
	at base.LoadFile.processMatters(LoadFile.java:140)
	at base.LoadFile.main(LoadFile.java:111)

May 13, 2026 10:46:14 AM base.LoadFile main
INFO: Running Legal Libs
May 13, 2026 11:08:13 AM base.LoadFile main
INFO: Running Legal Libs
May 13, 2026 11:14:34 AM base.LoadFile main
INFO: Running Legal Libs
May 13, 2026 11:14:58 AM base.LoadFile zipAndEmail
INFO: Status of Email: Success after 0 loop(s)
